"","index","Candidate","State","Office","District","Party","Candidate_processed","Last_name","District_processed","State_processed"
"1","1","Jrmar ""JJ"" Jefferson","Texas","Representative","1","DEM","Jrmar ""JJ"" Jefferson","JEFFERSON","1","TX"
"2","2","Robin Fulford","Texas","Representative","2","DEM","Robin Fulford","FULFORD","2","TX"
"3","3","Sandeep Srivastava","Texas","Representative","3","DEM","Sandeep Srivastava","SRIVASTAVA","3","TX"
"4","4","Iro Omere","Texas","Representative","4","DEM","Iro Omere","OMERE","4","TX"
"5","5","Tartisha Hill","Texas","Representative","5","DEM","Tartisha Hill","HILL","5","TX"
"6","6","Lizzie Fletcher","Texas","Representative","7","DEM","Lizzie Fletcher","FLETCHER","7","TX"
"7","7","Laura Jones","Texas","Representative","8","DEM","Laura Jones","JONES","8","TX"
"8","8","Al Green","Texas","Representative","9","DEM","Al Green","GREEN","9","TX"
"9","9","Linda Nuno","Texas","Representative","10","DEM","Linda Nuno","NUNO","10","TX"
"10","10","Trey J. Hunt","Texas","Representative","12","DEM","Trey J. Hunt","HUNT","12","TX"
"11","11","Kathleen Brown","Texas","Representative","13","DEM","Kathleen Brown","BROWN","13","TX"
"12","12","Mikal Williams","Texas","Representative","14","DEM","Mikal Williams","WILLIAMS","14","TX"
"13","13","Michelle Vallejo","Texas","Representative","15","DEM","Michelle Vallejo","VALLEJO","15","TX"
"14","14","Veronica Escobar","Texas","Representative","16","DEM","Veronica Escobar","ESCOBAR","16","TX"
"15","15","Mary Jo Woods","Texas","Representative","17","DEM","Mary Jo Woods","WOODS","17","TX"
"16","16","Sheila Jackson Lee","Texas","Representative","18","DEM","Sheila Jackson Lee","LEE","18","TX"
"17","17","Joaquin Castro","Texas","Representative","20","DEM","Joaquin Castro","CASTRO","20","TX"
"18","18","Claudia Andreana Zapata","Texas","Representative","21","DEM","Claudia Andreana Zapata","ZAPATA","21","TX"
"19","19","Jamie Kaye Jordan","Texas","Representative","22","DEM","Jamie Kaye Jordan","JORDAN","22","TX"
"20","20","John Lira","Texas","Representative","23","DEM","John Lira","LIRA","23","TX"
"21","21","Jan McDowell","Texas","Representative","24","DEM","Jan McDowell","MCDOWELL","24","TX"
"22","22","Maclovio Perez Jr.","Texas","Representative","27","DEM","Maclovio Perez Jr.","JR.","27","TX"
"23","23","Henry Cuellar","Texas","Representative","28","DEM","Henry Cuellar","CUELLAR","28","TX"
"24","24","Sylvia Garcia","Texas","Representative","29","DEM","Sylvia Garcia","GARCIA","29","TX"
"25","25","Jasmine Crockett","Texas","Representative","30","DEM","Jasmine Crockett","CROCKETT","30","TX"
"26","26","Colin Allred","Texas","Representative","32","DEM","Colin Allred","ALLRED","32","TX"
"27","27","Marc Veasey","Texas","Representative","33","DEM","Marc Veasey","VEASEY","33","TX"
"28","28","Vicente Gonzalez","Texas","Representative","34","DEM","Vicente Gonzalez","GONZALEZ","34","TX"
"29","29","Greg Casar","Texas","Representative","35","DEM","Greg Casar","CASAR","35","TX"
"30","30","Jon Haire","Texas","Representative","36","DEM","Jon Haire","HAIRE","36","TX"
"31","31","Lloyd Doggett","Texas","Representative","37","DEM","Lloyd Doggett","DOGGETT","37","TX"
"32","32","Duncan F. Klussmann","Texas","Representative","38","DEM","Duncan F. Klussmann","KLUSSMANN","38","TX"
"33","33","Thomas M. McDermott Jr.","Indiana","Senator","N/A","DEM","Thomas M. McDermott Jr.","JR.","0","IN"
"34","34","Frank J. Mrvan","Indiana","Representative","1","DEM","Frank J. Mrvan","MRVAN","1","IN"
"35","35","Paul D. Steury","Indiana","Representative","2","DEM","Paul D. Steury","STEURY","2","IN"
"36","36","Gary L. Snyder","Indiana","Representative","3","DEM","Gary L. Snyder","SNYDER","3","IN"
"37","37","Roger D. Day","Indiana","Representative","4","DEM","Roger D. Day","DAY","4","IN"
"38","38","Jeannine Lee Lake","Indiana","Representative","5","DEM","Jeannine Lee Lake","LAKE","5","IN"
"39","39","Cynthia ""Cinde"" Wirth","Indiana","Representative","6","DEM","Cynthia ""Cinde"" Wirth","WIRTH","6","IN"
"40","40","André D. Carson","Indiana","Representative","7","DEM","André D. Carson","CARSON","7","IN"
"41","41","Ray McCormick","Indiana","Representative","8","DEM","Ray McCormick","MCCORMICK","8","IN"
"42","42","Matthew Fyfe","Indiana","Representative","9","DEM","Matthew Fyfe","FYFE","9","IN"
"43","43","Tim Ryan","Ohio","Senator","N/A","DEM","Tim Ryan","RYAN","0","OH"
"44","44","Greg Landsman","Ohio","Representative","1","DEM","Greg Landsman","LANDSMAN","1","OH"
"45","45","Samantha Meadows","Ohio","Representative","2","DEM","Samantha Meadows","MEADOWS","2","OH"
"46","46","Joyce Beatty","Ohio","Representative","3","DEM","Joyce Beatty","BEATTY","3","OH"
"47","47","Tamie Wilson","Ohio","Representative","4","DEM","Tamie Wilson","WILSON","4","OH"
"48","48","Craig Swartz","Ohio","Representative","5","DEM","Craig Swartz","SWARTZ","5","OH"
"49","49","Louis G. Lyras","Ohio","Representative","6","DEM","Louis G. Lyras","LYRAS","6","OH"
"50","50","Matthew Diemer","Ohio","Representative","7","DEM","Matthew Diemer","DIEMER","7","OH"
"51","51","Vanessa Enoch","Ohio","Representative","8","DEM","Vanessa Enoch","ENOCH","8","OH"
"52","52","Marcy Kaptur","Ohio","Representative","9","DEM","Marcy Kaptur","KAPTUR","9","OH"
"53","53","David Esrati","Ohio","Representative","10","DEM","David Esrati","ESRATI","10","OH"
"54","54","Shontel Brown","Ohio","Representative","11","DEM","Shontel Brown","BROWN","11","OH"
"55","55","Amy Rippel-Elton","Ohio","Representative","12","DEM","Amy Rippel-Elton","RIPPEL-ELTON","12","OH"
"56","56","Emilia Sykes","Ohio","Representative","13","DEM","Emilia Sykes","SYKES","13","OH"
"57","57","Matt Kilboy","Ohio","Representative","14","DEM","Matt Kilboy","KILBOY","14","OH"
"58","58","Gary Josephson","Ohio","Representative","15","DEM","Gary Josephson","JOSEPHSON","15","OH"
"59","59","Lacy Watson","West Virginia","Representative","1","DEM","Lacy Watson","WATSON","1","WV"
"60","60","Barry Lee Wendell","West Virginia","Representative","2","DEM","Barry Lee Wendell","WENDELL","2","WV"
"61","61","Patty Pansing Brooks","Nebraska","Representative","1","DEM","Patty Pansing Brooks","BROOKS","1","NE"
"62","62","Tony Vargas","Nebraska","Representative","2","DEM","Tony Vargas","VARGAS","2","NE"
"63","63","David J. Else","Nebraska","Representative","3","DEM","David J. Else","ELSE","3","NE"
"64","64","Charles Booker","Kentucky","Senator","N/A","DEM","Charles Booker","BOOKER","0","KY"
"65","65","Jimmy C. Ausbrooks","Kentucky","Representative","1","DEM","Jimmy C. Ausbrooks","AUSBROOKS","1","KY"
"66","66","Hank Linderman","Kentucky","Representative","2","DEM","Hank Linderman","LINDERMAN","2","KY"
"67","67","Morgan McGarvey","Kentucky","Representative","3","DEM","Morgan McGarvey","MCGARVEY","3","KY"
"68","68","Matthew Lehman","Kentucky","Representative","4","DEM","Matthew Lehman","LEHMAN","4","KY"
"69","69","Conor Halbleib","Kentucky","Representative","5","DEM","Conor Halbleib","HALBLEIB","5","KY"
"70","70","Geoffrey M. ""Geoff"" Young","Kentucky","Representative","6","DEM","Geoffrey M. ""Geoff"" Young","YOUNG","6","KY"
"71","71","Ron Wyden","Oregon","Senator","N/A","DEM","Ron Wyden","WYDEN","0","OR"
"72","72","Suzanne Bonamici","Oregon","Representative","1","DEM","Suzanne Bonamici","BONAMICI","1","OR"
"73","73","Joe Yetter","Oregon","Representative","2","DEM","Joe Yetter","YETTER","2","OR"
"74","74","Earl Blumenauer","Oregon","Representative","3","DEM","Earl Blumenauer","BLUMENAUER","3","OR"
"75","75","Val Hoyle","Oregon","Representative","4","DEM","Val Hoyle","HOYLE","4","OR"
"76","76","Jamie McLeod-Skinner","Oregon","Representative","5","DEM","Jamie McLeod-Skinner","MCLEOD-SKINNER","5","OR"
"77","77","Andrea Salinas","Oregon","Representative","6","DEM","Andrea Salinas","SALINAS","6","OR"
"78","78","David Roth","Idaho","Senator","N/A","DEM","David Roth","ROTH","0","ID"
"79","79","Kaylee Peterson","Idaho","Representative","1","DEM","Kaylee Peterson","PETERSON","1","ID"
"80","80","Wendy Norman","Idaho","Representative","2","DEM","Wendy Norman","NORMAN","2","ID"
"81","81","Cheri Beasley","North Carolina","Senator","N/A","DEM","Cheri Beasley","BEASLEY","0","NC"
"82","82","Don Davis","North Carolina","Representative","1","DEM","Don Davis","DAVIS","1","NC"
"83","83","Deborah K. Ross","North Carolina","Representative","2","DEM","Deborah K. Ross","ROSS","2","NC"
"84","84","Barbara D. Gaskins","North Carolina","Representative","3","DEM","Barbara D. Gaskins","GASKINS","3","NC"
"85","85","Valerie P. Foushee","North Carolina","Representative","4","DEM","Valerie P. Foushee","FOUSHEE","4","NC"
"86","86","Kyle Parrish","North Carolina","Representative","5","DEM","Kyle Parrish","PARRISH","5","NC"
"87","87","Kathy Manning","North Carolina","Representative","6","DEM","Kathy Manning","MANNING","6","NC"
"88","88","Charles Graham","North Carolina","Representative","7","DEM","Charles Graham","GRAHAM","7","NC"
"89","89","Scott Huffman","North Carolina","Representative","8","DEM","Scott Huffman","HUFFMAN","8","NC"
"90","90","Ben Clark","North Carolina","Representative","9","DEM","Ben Clark","CLARK","9","NC"
"91","91","Pam Genant","North Carolina","Representative","10","DEM","Pam Genant","GENANT","10","NC"
"92","92","Jasmine Beach-Ferrara","North Carolina","Representative","11","DEM","Jasmine Beach-Ferrara","BEACH-FERRARA","11","NC"
"93","93","Alma S. Adams","North Carolina","Representative","12","DEM","Alma S. Adams","ADAMS","12","NC"
"94","94","Wiley Nickel","North Carolina","Representative","13","DEM","Wiley Nickel","NICKEL","13","NC"
"95","95","Jeff Jackson","North Carolina","Representative","14","DEM","Jeff Jackson","JACKSON","14","NC"
"96","96","John Fetterman","Pennsylvania","Senator","N/A","DEM","John Fetterman","FETTERMAN","0","PA"
"97","97","Ashley Ehasz","Pennsylvania","Representative","1","DEM","Ashley Ehasz","EHASZ","1","PA"
"98","98","Brendan F. Boyle","Pennsylvania","Representative","2","DEM","Brendan F. Boyle","BOYLE","2","PA"
"99","99","Dwight Evans","Pennsylvania","Representative","3","DEM","Dwight Evans","EVANS","3","PA"
"100","100","Madeleine Dean","Pennsylvania","Representative","4","DEM","Madeleine Dean","DEAN","4","PA"
"101","101","Mary Gay Scanlon","Pennsylvania","Representative","5","DEM","Mary Gay Scanlon","SCANLON","5","PA"
"102","102","Chrissy Houlahan","Pennsylvania","Representative","6","DEM","Chrissy Houlahan","HOULAHAN","6","PA"
"103","103","Susan Wild","Pennsylvania","Representative","7","DEM","Susan Wild","WILD","7","PA"
"104","104","Matt Cartwright","Pennsylvania","Representative","8","DEM","Matt Cartwright","CARTWRIGHT","8","PA"
"105","105","Amanda R. Waldman","Pennsylvania","Representative","9","DEM","Amanda R. Waldman","WALDMAN","9","PA"
"106","106","Shamaine Daniels","Pennsylvania","Representative","10","DEM","Shamaine Daniels","DANIELS","10","PA"
"107","107","Bob Hollister","Pennsylvania","Representative","11","DEM","Bob Hollister","HOLLISTER","11","PA"
"108","108","Summer Lee","Pennsylvania","Representative","12","DEM","Summer Lee","LEE","12","PA"
"109","109","Dan Pastore","Pennsylvania","Representative","16","DEM","Dan Pastore","PASTORE","16","PA"
"110","110","Chris Deluzio","Pennsylvania","Representative","17","DEM","Chris Deluzio","DELUZIO","17","PA"
"111","111","Taysha DeVaughan","Virginia","Representative","9","DEM","Taysha DeVaughan","DEVAUGHAN","9","VA"
"112","112","Will Boyd","Alabama","Senator","N/A","DEM","Will Boyd","BOYD","0","AL"
"113","113","Phyllis Harvey-Hall","Alabama","Representative","2","DEM","Phyllis Harvey-Hall","HARVEY-HALL","2","AL"
"114","114","Lin Veasey","Alabama","Representative","3","DEM","Lin Veasey","VEASEY","3","AL"
"115","115","Rick Neighbors","Alabama","Representative","4","DEM","Rick Neighbors","NEIGHBORS","4","AL"
"116","116","Kathy Warner-Stanton","Alabama","Representative","5","DEM","Kathy Warner-Stanton","WARNER-STANTON","5","AL"
"117","117","Terrycina Sewell","Alabama","Representative","7","DEM","Terrycina Sewell","SEWELL","7","AL"
"118","118","Natalie James","Arkansas","Senator","N/A","DEM","Natalie James","JAMES","0","AR"
"119","119","Monte Hodges","Arkansas","Representative","1","DEM","Monte Hodges","HODGES","1","AR"
"120","120","Quintessa Hathaway","Arkansas","Representative","2","DEM","Quintessa Hathaway","HATHAWAY","2","AR"
"121","121","Lauren Mallett-Hays","Arkansas","Representative","3","DEM","Lauren Mallett-Hays","MALLETT-HAYS","3","AR"
"122","122","John White","Arkansas","Representative","4","DEM","John White","WHITE","4","AR"
"123","123","Raphael Warnock","Georgia","Senator","N/A","DEM","Raphael Warnock","WARNOCK","0","GA"
"124","124","Wade Herring","Georgia","Representative","1","DEM","Wade Herring","HERRING","1","GA"
"125","125","Sanford Bishop","Georgia","Representative","2","DEM","Sanford Bishop","BISHOP","2","GA"
"126","126","Val Almonord","Georgia","Representative","3","DEM","Val Almonord","ALMONORD","3","GA"
"127","127","Henry C. ""Hank"" Johnson Jr.","Georgia","Representative","4","DEM","Henry C. ""Hank"" Johnson Jr.","JR.","4","GA"
"128","128","Nikema Williams","Georgia","Representative","5","DEM","Nikema Williams","WILLIAMS","5","GA"
"129","129","Bob Christian","Georgia","Representative","6","DEM","Bob Christian","CHRISTIAN","6","GA"
"130","130","Lucy McBath","Georgia","Representative","7","DEM","Lucy McBath","MCBATH","7","GA"
"131","131","Darrius Butler","Georgia","Representative","8","DEM","Darrius Butler","BUTLER","8","GA"
"132","132","Michael ""Mike"" Ford","Georgia","Representative","9","DEM","Michael ""Mike"" Ford","FORD","9","GA"
"133","133","Tabitha Johnson-Green","Georgia","Representative","10","DEM","Tabitha Johnson-Green","JOHNSON-GREEN","10","GA"
"134","134","Antonio Daza","Georgia","Representative","11","DEM","Antonio Daza","DAZA","11","GA"
"135","135","Elizabeth ""Liz"" Johnson","Georgia","Representative","12","DEM","Elizabeth ""Liz"" Johnson","JOHNSON","12","GA"
"136","136","David Scott","Georgia","Representative","13","DEM","David Scott","SCOTT","13","GA"
"137","137","Marcus Flowers","Georgia","Representative","14","DEM","Marcus Flowers","FLOWERS","14","GA"
"138","138","Melanie Ann Stansbury","New Mexico","Representative","1","DEM","Melanie Ann Stansbury","STANSBURY","1","NM"
"139","139","Gabriel Vasquez","New Mexico","Representative","2","DEM","Gabriel Vasquez","VASQUEZ","2","NM"
"140","140","Teresa Leger Fernandez","New Mexico","Representative","3","DEM","Teresa Leger Fernandez","FERNANDEZ","3","NM"
"141","141","Dianne Black","Mississippi","Representative","1","DEM","Dianne Black","BLACK","1","MS"
"142","142","Bennie G. Thompson","Mississippi","Representative","2","DEM","Bennie G. Thompson","THOMPSON","2","MS"
"143","143","Shuwaski A. Young","Mississippi","Representative","3","DEM","Shuwaski A. Young","YOUNG","3","MS"
"144","144","Johnny L. DuPree ","Mississippi","Representative","4","DEM","Johnny L. DuPree ","","4","MS"
"145","145","Monica Tranel","Montana","Representative","1","DEM","Monica Tranel","TRANEL","1","MT"
"146","146","Penny Ronning","Montana","Representative","2","DEM","Penny Ronning","RONNING","2","MT"
"147","147","Michael Franken","Iowa","Senator","N/A","DEM","Michael Franken","FRANKEN","0","IA"
"148","148","Christina Bohannan","Iowa","Representative","1","DEM","Christina Bohannan","BOHANNAN","1","IA"
"149","149","Liz Mathis","Iowa","Representative","2","DEM","Liz Mathis","MATHIS","2","IA"
"150","150","Cindy Axne","Iowa","Representative","3","DEM","Cindy Axne","AXNE","3","IA"
"151","151","Ryan Melton","Iowa","Representative","4","DEM","Ryan Melton","MELTON","4","IA"
"152","152","Brian L. Bengs","South Dakota","Senator","N/A","DEM","Brian L. Bengs","BENGS","0","SD"
"153","153","Donald W. Norcross","New Jersey","Representative","1","DEM","Donald W. Norcross","NORCROSS","1","NJ"
"154","154","Tim Alexander","New Jersey","Representative","2","DEM","Tim Alexander","ALEXANDER","2","NJ"
"155","155","Andy Kim","New Jersey","Representative","3","DEM","Andy Kim","KIM","3","NJ"
"156","156","Matthew Jenkins","New Jersey","Representative","4","DEM","Matthew Jenkins","JENKINS","4","NJ"
"157","157","Josh Gottheimer","New Jersey","Representative","5","DEM","Josh Gottheimer","GOTTHEIMER","5","NJ"
"158","158","Frank Pallone Jr.","New Jersey","Representative","6","DEM","Frank Pallone Jr.","JR.","6","NJ"
"159","159","Tom Malinowski","New Jersey","Representative","7","DEM","Tom Malinowski","MALINOWSKI","7","NJ"
"160","160","Robert J. Menendez","New Jersey","Representative","8","DEM","Robert J. Menendez","MENENDEZ","8","NJ"
"161","161","Bill Pascrell Jr.","New Jersey","Representative","9","DEM","Bill Pascrell Jr.","JR.","9","NJ"
"162","162","Donald M. Payne Jr.","New Jersey","Representative","10","DEM","Donald M. Payne Jr.","JR.","10","NJ"
"163","163","Mikie Sherrill","New Jersey","Representative","11","DEM","Mikie Sherrill","SHERRILL","11","NJ"
"164","164","Bonnie Watson Coleman","New Jersey","Representative","12","DEM","Bonnie Watson Coleman","COLEMAN","12","NJ"
"165","165","Alex Padilla","California","Senator","N/A","DEM","Alex Padilla","PADILLA","0","CA"
"166","166","Max Steiner","California","Representative","1","DEM","Max Steiner","STEINER","1","CA"
"167","167","Jared Huffman","California","Representative","2","DEM","Jared Huffman","HUFFMAN","2","CA"
"168","168","Kermit Jones","California","Representative","3","DEM","Kermit Jones","JONES","3","CA"
"169","169","Mike Thompson","California","Representative","4","DEM","Mike Thompson","THOMPSON","4","CA"
"170","170","Michael J. ""Mike"" Barkley","California","Representative","5","DEM","Michael J. ""Mike"" Barkley","BARKLEY","5","CA"
"171","171","Ami Bera","California","Representative","6","DEM","Ami Bera","BERA","6","CA"
"172","172","Doris Matsui","California","Representative","7","DEM","Doris Matsui","MATSUI","7","CA"
"173","173","John Garamendi","California","Representative","8","DEM","John Garamendi","GARAMENDI","8","CA"
"174","174","Josh Harder","California","Representative","9","DEM","Josh Harder","HARDER","9","CA"
"175","175","Mark DeSaulnier","California","Representative","10","DEM","Mark DeSaulnier","DESAULNIER","10","CA"
"176","176","Nancy Pelosi","California","Representative","11","DEM","Nancy Pelosi","PELOSI","11","CA"
"177","177","Barbara Lee","California","Representative","12","DEM","Barbara Lee","LEE","12","CA"
"178","178","Adam Gray","California","Representative","13","DEM","Adam Gray","GRAY","13","CA"
"179","179","Eric Swalwell","California","Representative","14","DEM","Eric Swalwell","SWALWELL","14","CA"
"180","180","David J. Canepa","California","Representative","15","DEM","David J. Canepa","CANEPA","15","CA"
"181","181","Kevin Mullin","California","Representative","15","DEM","Kevin Mullin","MULLIN","15","CA"
"182","182","Anna G. Eshoo","California","Representative","16","DEM","Anna G. Eshoo","ESHOO","16","CA"
"183","183","Rishi Kumar","California","Representative","16","DEM","Rishi Kumar","KUMAR","16","CA"
"184","184","Ro Khanna","California","Representative","17","DEM","Ro Khanna","KHANNA","17","CA"
"185","185","Zoe Lofgren","California","Representative","18","DEM","Zoe Lofgren","LOFGREN","18","CA"
"186","186","Jimmy Panetta","California","Representative","19","DEM","Jimmy Panetta","PANETTA","19","CA"
"187","187","Marisa Wood","California","Representative","20","DEM","Marisa Wood","WOOD","20","CA"
"188","188","Jim Costa","California","Representative","21","DEM","Jim Costa","COSTA","21","CA"
"189","189","Rudy Salas","California","Representative","22","DEM","Rudy Salas","SALAS","22","CA"
"190","190","Derek Marshall","California","Representative","23","DEM","Derek Marshall","MARSHALL","23","CA"
"191","191","Salud Carbajal","California","Representative","24","DEM","Salud Carbajal","CARBAJAL","24","CA"
"192","192","Raul Ruiz","California","Representative","25","DEM","Raul Ruiz","RUIZ","25","CA"
"193","193","Julia Brownley","California","Representative","26","DEM","Julia Brownley","BROWNLEY","26","CA"
"194","194","Christy Smith","California","Representative","27","DEM","Christy Smith","SMITH","27","CA"
"195","195","Judy Chu","California","Representative","28","DEM","Judy Chu","CHU","28","CA"
"196","196","Tony Cardenas","California","Representative","29","DEM","Tony Cardenas","CARDENAS","29","CA"
"197","197","Angélica María Dueñas","California","Representative","29","DEM","Angélica María Dueñas","DUEÑAS","29","CA"
"198","198","G ""Maebe A. Girl"" Pudlo","California","Representative","30","DEM","G ""Maebe A. Girl"" Pudlo","PUDLO","30","CA"
"199","199","Adam B. Schiff","California","Representative","30","DEM","Adam B. Schiff","SCHIFF","30","CA"
"200","200","Grace F. Napolitano","California","Representative","31","DEM","Grace F. Napolitano","NAPOLITANO","31","CA"
"201","201","Brad Sherman","California","Representative","32","DEM","Brad Sherman","SHERMAN","32","CA"
"202","202","Pete Aguilar","California","Representative","33","DEM","Pete Aguilar","AGUILAR","33","CA"
"203","203","Jimmy Gomez","California","Representative","34","DEM","Jimmy Gomez","GOMEZ","34","CA"
"204","204","David Kim","California","Representative","34","DEM","David Kim","KIM","34","CA"
"205","205","Norma J. Torres","California","Representative","35","DEM","Norma J. Torres","TORRES","35","CA"
"206","206","Ted W. Lieu","California","Representative","36","DEM","Ted W. Lieu","LIEU","36","CA"
"207","207","Sydney Kamlager","California","Representative","37","DEM","Sydney Kamlager","KAMLAGER","37","CA"
"208","208","Jan C. Perry","California","Representative","37","DEM","Jan C. Perry","PERRY","37","CA"
"209","209","Linda T. Sánchez","California","Representative","38","DEM","Linda T. Sánchez","SÁNCHEZ","38","CA"
"210","210","Mark Takano","California","Representative","39","DEM","Mark Takano","TAKANO","39","CA"
"211","211","Asif Mahmood","California","Representative","40","DEM","Asif Mahmood","MAHMOOD","40","CA"
"212","212","Will Rollins","California","Representative","41","DEM","Will Rollins","ROLLINS","41","CA"
"213","213","Robert Garcia","California","Representative","42","DEM","Robert Garcia","GARCIA","42","CA"
"214","214","Maxine Waters","California","Representative","43","DEM","Maxine Waters","WATERS","43","CA"
"215","215","Nanette Diaz Barragan","California","Representative","44","DEM","Nanette Diaz Barragan","BARRAGAN","44","CA"
"216","216","Jay F. Chen","California","Representative","45","DEM","Jay F. Chen","CHEN","45","CA"
"217","217","Lou Correa","California","Representative","46","DEM","Lou Correa","CORREA","46","CA"
"218","218","Katie Porter","California","Representative","47","DEM","Katie Porter","PORTER","47","CA"
"219","219","Stephen Houlahan","California","Representative","48","DEM","Stephen Houlahan","HOULAHAN","48","CA"
"220","220","Mike Levin","California","Representative","49","DEM","Mike Levin","LEVIN","49","CA"
"221","221","Scott Peters","California","Representative","50","DEM","Scott Peters","PETERS","50","CA"
"222","222","Sara Jacobs","California","Representative","51","DEM","Sara Jacobs","JACOBS","51","CA"
"223","223","Juan Vargas","California","Representative","52","DEM","Juan Vargas","VARGAS","52","CA"
"224","224","Jennifer Lewis","Virginia","Representative","6","DEM","Jennifer Lewis","LEWIS","6","VA"
"225","225","Chellie Pingree","Maine","Representative","1","DEM","Chellie Pingree","PINGREE","1","ME"
"226","226","Jared Golden","Maine","Representative","2","DEM","Jared Golden","GOLDEN","2","ME"
"227","227","Catherine Cortez Masto","Nevada","Senator","N/A","DEM","Catherine Cortez Masto","MASTO","0","NV"
"228","228","Dina Titus","Nevada","Representative","1","DEM","Dina Titus","TITUS","1","NV"
"229","229","Elizabeth Mercedes Krause","Nevada","Representative","2","DEM","Elizabeth Mercedes Krause","KRAUSE","2","NV"
"230","230","Susie Lee","Nevada","Representative","3","DEM","Susie Lee","LEE","3","NV"
"231","231","Steven A. Horsford","Nevada","Representative","4","DEM","Steven A. Horsford","HORSFORD","4","NV"
"232","232","Krystle Matthews","South Carolina","Senator","N/A","DEM","Krystle Matthews","MATTHEWS","0","SC"
"233","233","Annie Andrews","South Carolina","Representative","1","DEM","Annie Andrews","ANDREWS","1","SC"
"234","234","Judd Larkins","South Carolina","Representative","2","DEM","Judd Larkins","LARKINS","2","SC"
"235","235","Ken Hill","South Carolina","Representative","4","DEM","Ken Hill","HILL","4","SC"
"236","236","Evangeline Hundley","South Carolina","Representative","5","DEM","Evangeline Hundley","HUNDLEY","5","SC"
"237","237","James E. ""Jim"" Clyburn","South Carolina","Representative","6","DEM","James E. ""Jim"" Clyburn","CLYBURN","6","SC"
"238","238","Daryl W. Scott","South Carolina","Representative","7","DEM","Daryl W. Scott","SCOTT","7","SC"
"239","239","Katrina Christiansen","North Dakota","Senator","N/A","DEM","Katrina Christiansen","CHRISTIANSEN","0","ND"
"240","240","Mark Haugen","North Dakota","Representative","At-Large","DEM","Mark Haugen","HAUGEN","0","ND"
"241","241","Herbert C. ""Herb"" Jones Jr.","Virginia","Representative","1","DEM","Herbert C. ""Herb"" Jones Jr.","JR.","1","VA"
"242","242","Elaine G. Luria","Virginia","Representative","2","DEM","Elaine G. Luria","LURIA","2","VA"
"243","243","Robert C. ""Bobby"" Scott","Virginia","Representative","3","DEM","Robert C. ""Bobby"" Scott","SCOTT","3","VA"
"244","244","A. Donald McEachin","Virginia","Representative","4","DEM","A. Donald McEachin","MCEACHIN","4","VA"
"245","245","Joshua M. Throneburg","Virginia","Representative","5","DEM","Joshua M. Throneburg","THRONEBURG","5","VA"
"246","246","Abigail A. Spanberger","Virginia","Representative","7","DEM","Abigail A. Spanberger","SPANBERGER","7","VA"
"247","247","Donald S. Beyer Jr.","Virginia","Representative","8","DEM","Donald S. Beyer Jr.","JR.","8","VA"
"248","248","Jennifer T. Wexton","Virginia","Representative","10","DEM","Jennifer T. Wexton","WEXTON","10","VA"
"249","249","Gerald E. ""Gerry"" Connolly","Virginia","Representative","11","DEM","Gerald E. ""Gerry"" Connolly","CONNOLLY","11","VA"
"250","250","Michael Bennet","Colorado","Senator","N/A","DEM","Michael Bennet","BENNET","0","CO"
"251","251","Diana DeGette","Colorado","Representative","1","DEM","Diana DeGette","DEGETTE","1","CO"
"252","252","Joe Neguse","Colorado","Representative","2","DEM","Joe Neguse","NEGUSE","2","CO"
"253","253","Adam Frisch","Colorado","Representative","3","DEM","Adam Frisch","FRISCH","3","CO"
"254","254","Ike McCorkle","Colorado","Representative","4","DEM","Ike McCorkle","MCCORKLE","4","CO"
"255","255","David Torres","Colorado","Representative","5","DEM","David Torres","TORRES","5","CO"
"256","256","Jason Crow","Colorado","Representative","6","DEM","Jason Crow","CROW","6","CO"
"257","257","Brittany Pettersen","Colorado","Representative","7","DEM","Brittany Pettersen","PETTERSEN","7","CO"
"258","258","Yadira Caraveo","Colorado","Representative","8","DEM","Yadira Caraveo","CARAVEO","8","CO"
"259","259","Tammy Duckworth","Illinois","Senator","N/A","DEM","Tammy Duckworth","DUCKWORTH","0","IL"
"260","260","Jonathan L. Jackson","Illinois","Representative","1","DEM","Jonathan L. Jackson","JACKSON","1","IL"
"261","261","Robin Kelly","Illinois","Representative","2","DEM","Robin Kelly","KELLY","2","IL"
"262","262","Delia Ramirez","Illinois","Representative","3","DEM","Delia Ramirez","RAMIREZ","3","IL"
"263","263","Jesus ""Chuy"" Garcia","Illinois","Representative","4","DEM","Jesus ""Chuy"" Garcia","GARCIA","4","IL"
"264","264","Mike Quigley","Illinois","Representative","5","DEM","Mike Quigley","QUIGLEY","5","IL"
"265","265","Sean Casten","Illinois","Representative","6","DEM","Sean Casten","CASTEN","6","IL"
"266","266","Danny K. Davis","Illinois","Representative","7","DEM","Danny K. Davis","DAVIS","7","IL"
"267","267","Raja Krishnamoorthi","Illinois","Representative","8","DEM","Raja Krishnamoorthi","KRISHNAMOORTHI","8","IL"
"268","268","Janice D. Schakowsky","Illinois","Representative","9","DEM","Janice D. Schakowsky","SCHAKOWSKY","9","IL"
"269","269","Brad Schneider","Illinois","Representative","10","DEM","Brad Schneider","SCHNEIDER","10","IL"
"270","270","Bill Foster","Illinois","Representative","11","DEM","Bill Foster","FOSTER","11","IL"
"271","271","Homer ""Chip"" Markel","Illinois","Representative","12","DEM","Homer ""Chip"" Markel","MARKEL","12","IL"
"272","272","Nikki Budzinski","Illinois","Representative","13","DEM","Nikki Budzinski","BUDZINSKI","13","IL"
"273","273","Lauren Underwood","Illinois","Representative","14","DEM","Lauren Underwood","UNDERWOOD","14","IL"
"274","274","Paul J. Lange","Illinois","Representative","15","DEM","Paul J. Lange","LANGE","15","IL"
"275","275","Eric Sorensen","Illinois","Representative","17","DEM","Eric Sorensen","SORENSEN","17","IL"
"276","276","Charles E. Schumer","New York","Senator","N/A","DEM","Charles E. Schumer","SCHUMER","0","NY"
"277","277","Madison Horn","Oklahoma","Senator","N/A","DEM","Madison Horn","HORN","0","OK"
"278","278","Kendra Horn","Oklahoma","Senator","N/A","DEM","Kendra Horn","HORN","0","OK"
"279","279","Adam Martin","Oklahoma","Representative","1","DEM","Adam Martin","MARTIN","1","OK"
"280","280","Naomi Andrews","Oklahoma","Representative","2","DEM","Naomi Andrews","ANDREWS","2","OK"
"281","281","Jeremiah A. Ross","Oklahoma","Representative","3","DEM","Jeremiah A. Ross","ROSS","3","OK"
"282","282","Mary Brannon","Oklahoma","Representative","4","DEM","Mary Brannon","BRANNON","4","OK"
"283","283","Joshua Harris-Till","Oklahoma","Representative","5","DEM","Joshua Harris-Till","HARRIS-TILL","5","OK"
"284","284","Rick Edwin Jones","Utah","Representative","1","DEM","Rick Edwin Jones","JONES","1","UT"
"285","285","Nick Mitchell","Utah","Representative","2","DEM","Nick Mitchell","MITCHELL","2","UT"
"286","286","Glenn J. Wright","Utah","Representative","3","DEM","Glenn J. Wright","WRIGHT","3","UT"
"287","287","Darlene McDonald","Utah","Representative","4","DEM","Darlene McDonald","MCDONALD","4","UT"
"288","288","Chris Van Hollen","Maryland","Senator","N/A","DEM","Chris Van Hollen","HOLLEN","0","MD"
"289","289","Heather R. Mizeur","Maryland","Representative","1","DEM","Heather R. Mizeur","MIZEUR","1","MD"
"290","290","C.A. Dutch Ruppersberger","Maryland","Representative","2","DEM","C.A. Dutch Ruppersberger","RUPPERSBERGER","2","MD"
"291","291","John Sarbanes","Maryland","Representative","3","DEM","John Sarbanes","SARBANES","3","MD"
"292","292","Glenn F. Ivey","Maryland","Representative","4","DEM","Glenn F. Ivey","IVEY","4","MD"
"293","293","Steny Hoyer","Maryland","Representative","5","DEM","Steny Hoyer","HOYER","5","MD"
"294","294","David J. Trone","Maryland","Representative","6","DEM","David J. Trone","TRONE","6","MD"
"295","295","Kweisi Mfume","Maryland","Representative","7","DEM","Kweisi Mfume","MFUME","7","MD"
"296","296","Jamie Raskin","Maryland","Representative","8","DEM","Jamie Raskin","RASKIN","8","MD"
"297","297","Mark Kelly","Arizona","Senator","N/A","DEM","Mark Kelly","KELLY","0","AZ"
"298","298","Jevin D. Hodge","Arizona","Representative","1","DEM","Jevin D. Hodge","HODGE","1","AZ"
"299","299","Tom O'Halleran","Arizona","Representative","2","DEM","Tom O'Halleran","O'HALLERAN","2","AZ"
"300","300","Ruben Gallego","Arizona","Representative","3","DEM","Ruben Gallego","GALLEGO","3","AZ"
"301","301","Greg Stanton","Arizona","Representative","4","DEM","Greg Stanton","STANTON","4","AZ"
"302","302","Javier Garcia Ramos","Arizona","Representative","5","DEM","Javier Garcia Ramos","RAMOS","5","AZ"
"303","303","Kirsten Engel","Arizona","Representative","6","DEM","Kirsten Engel","ENGEL","6","AZ"
"304","304","Raúl Grijalva","Arizona","Representative","7","DEM","Raúl Grijalva","GRIJALVA","7","AZ"
"305","305","Mark R. Holland","Kansas","Senator","N/A","DEM","Mark R. Holland","HOLLAND","0","KS"
"306","306","James ""Jimmy"" Beard","Kansas","Representative","1","DEM","James ""Jimmy"" Beard","BEARD","1","KS"
"307","307","Patrick Schmidt","Kansas","Representative","2","DEM","Patrick Schmidt","SCHMIDT","2","KS"
"308","308","Sharice Davids","Kansas","Representative","3","DEM","Sharice Davids","DAVIDS","3","KS"
"309","309","Bob Hernandez","Kansas","Representative","4","DEM","Bob Hernandez","HERNANDEZ","4","KS"
"310","310","Bob Lorinser","Michigan","Representative","1","DEM","Bob Lorinser","LORINSER","1","MI"
"311","311","Jerry Hilliard","Michigan","Representative","2","DEM","Jerry Hilliard","HILLIARD","2","MI"
"312","312","Hillary Scholten","Michigan","Representative","3","DEM","Hillary Scholten","SCHOLTEN","3","MI"
"313","313","Bart Goldberg","Michigan","Representative","5","DEM","Bart Goldberg","GOLDBERG","5","MI"
"314","314","Debbie Dingell","Michigan","Representative","6","DEM","Debbie Dingell","DINGELL","6","MI"
"315","315","Elissa Slotkin","Michigan","Representative","7","DEM","Elissa Slotkin","SLOTKIN","7","MI"
"316","316","Daniel T. Kildee","Michigan","Representative","8","DEM","Daniel T. Kildee","KILDEE","8","MI"
"317","317","Brian Jaye","Michigan","Representative","9","DEM","Brian Jaye","JAYE","9","MI"
"318","318","Carl J. Marlinga","Michigan","Representative","10","DEM","Carl J. Marlinga","MARLINGA","10","MI"
"319","319","Haley Stevens","Michigan","Representative","11","DEM","Haley Stevens","STEVENS","11","MI"
"320","320","Rashida Tlaib","Michigan","Representative","12","DEM","Rashida Tlaib","TLAIB","12","MI"
"321","321","Shri Thanedar","Michigan","Representative","13","DEM","Shri Thanedar","THANEDAR","13","MI"
"322","322","Trudy Busch Valentine","Missouri","Senator","N/A","DEM","Trudy Busch Valentine","VALENTINE","0","MO"
"323","323","Cori Bush","Missouri","Representative","1","DEM","Cori Bush","BUSH","1","MO"
"324","324","Trish Gunby","Missouri","Representative","2","DEM","Trish Gunby","GUNBY","2","MO"
"325","325","Bethany Mann","Missouri","Representative","3","DEM","Bethany Mann","MANN","3","MO"
"326","326","Jack Truman","Missouri","Representative","4","DEM","Jack Truman","TRUMAN","4","MO"
"327","327","Emanuel Cleaver II","Missouri","Representative","5","DEM","Emanuel Cleaver II","II","5","MO"
"328","328","Henry Martin","Missouri","Representative","6","DEM","Henry Martin","MARTIN","6","MO"
"329","329","Kristen Radaker-Sheafer","Missouri","Representative","7","DEM","Kristen Radaker-Sheafer","RADAKER-SHEAFER","7","MO"
"330","330","Randi McCallian","Missouri","Representative","8","DEM","Randi McCallian","MCCALLIAN","8","MO"
"331","331","Patty Murray","Washington","Senator","N/A","DEM","Patty Murray","MURRAY","0","WA"
"332","332","Suzan DelBene","Washington","Representative","1","DEM","Suzan DelBene","DELBENE","1","WA"
"333","333","Rick Larsen","Washington","Representative","2","DEM","Rick Larsen","LARSEN","2","WA"
"334","334","Marie Gluesenkamp Perez","Washington","Representative","3","DEM","Marie Gluesenkamp Perez","PEREZ","3","WA"
"335","335","Doug White","Washington","Representative","4","DEM","Doug White","WHITE","4","WA"
"336","336","Natasha Hill","Washington","Representative","5","DEM","Natasha Hill","HILL","5","WA"
"337","337","Derek Kilmer","Washington","Representative","6","DEM","Derek Kilmer","KILMER","6","WA"
"338","338","Pramila Jayapal","Washington","Representative","7","DEM","Pramila Jayapal","JAYAPAL","7","WA"
"339","339","Kim Schrier","Washington","Representative","8","DEM","Kim Schrier","SCHRIER","8","WA"
"340","340","Adam Smith","Washington","Representative","9","DEM","Adam Smith","SMITH","9","WA"
"341","341","Marilyn Strickland","Washington","Representative","10","DEM","Marilyn Strickland","STRICKLAND","10","WA"
"342","342","Cameron Parsons","Tennessee","Representative","1","DEM","Cameron Parsons","PARSONS","1","TN"
"343","343","Mark Harmon","Tennessee","Representative","2","DEM","Mark Harmon","HARMON","2","TN"
"344","344","Meg Gorman","Tennessee","Representative","3","DEM","Meg Gorman","GORMAN","3","TN"
"345","345","Wayne Steele","Tennessee","Representative","4","DEM","Wayne Steele","STEELE","4","TN"
"346","346","Heidi Campbell","Tennessee","Representative","5","DEM","Heidi Campbell","CAMPBELL","5","TN"
"347","347","Randal Cooper","Tennessee","Representative","6","DEM","Randal Cooper","COOPER","6","TN"
"348","348","Odessa Kelly","Tennessee","Representative","7","DEM","Odessa Kelly","KELLY","7","TN"
"349","349","Lynnette P. Williams","Tennessee","Representative","8","DEM","Lynnette P. Williams","WILLIAMS","8","TN"
"350","350","Steve Cohen","Tennessee","Representative","9","DEM","Steve Cohen","COHEN","9","TN"
"351","351","Richard Blumenthal","Connecticut","Senator","N/A","DEM","Richard Blumenthal","BLUMENTHAL","0","CT"
"352","352","John B. Larson","Connecticut","Representative","1","DEM","John B. Larson","LARSON","1","CT"
"353","353","Joe Courtney","Connecticut","Representative","2","DEM","Joe Courtney","COURTNEY","2","CT"
"354","354","Rosa L. DeLauro","Connecticut","Representative","3","DEM","Rosa L. DeLauro","DELAURO","3","CT"
"355","355","Jim Himes","Connecticut","Representative","4","DEM","Jim Himes","HIMES","4","CT"
"356","356","Jahana Hayes","Connecticut","Representative","5","DEM","Jahana Hayes","HAYES","5","CT"
"357","357","Jeff Ettinger","Minnesota","Representative","1","DEM","Jeff Ettinger","ETTINGER","1","MN"
"358","358","Angie Craig","Minnesota","Representative","2","DEM","Angie Craig","CRAIG","2","MN"
"359","359","Dean Phillips","Minnesota","Representative","3","DEM","Dean Phillips","PHILLIPS","3","MN"
"360","360","Betty McCollum","Minnesota","Representative","4","DEM","Betty McCollum","MCCOLLUM","4","MN"
"361","361","Ilhan Omar","Minnesota","Representative","5","DEM","Ilhan Omar","OMAR","5","MN"
"362","362","Jeanne Hendricks","Minnesota","Representative","6","DEM","Jeanne Hendricks","HENDRICKS","6","MN"
"363","363","Jill Abahsain","Minnesota","Representative","7","DEM","Jill Abahsain","ABAHSAIN","7","MN"
"364","364","Jen Schultz","Minnesota","Representative","8","DEM","Jen Schultz","SCHULTZ","8","MN"
"365","365","Peter Welch","Vermont","Senator","N/A","DEM","Peter Welch","WELCH","0","VT"
"366","366","Becca Balint","Vermont","Representative","At-Large","DEM","Becca Balint","BALINT","0","VT"
"367","367","Mandela Barnes","Wisconsin","Senator","N/A","DEM","Mandela Barnes","BARNES","0","WI"
"368","368","Ann Roe","Wisconsin","Representative","1","DEM","Ann Roe","ROE","1","WI"
"369","369","Mark Pocan","Wisconsin","Representative","2","DEM","Mark Pocan","POCAN","2","WI"
"370","370","Brad Pfaff","Wisconsin","Representative","3","DEM","Brad Pfaff","PFAFF","3","WI"
"371","371","Gwen Moore","Wisconsin","Representative","4","DEM","Gwen Moore","MOORE","4","WI"
"372","372","Mike Van Someren","Wisconsin","Representative","5","DEM","Mike Van Someren","SOMEREN","5","WI"
"373","373","Richard ""Dick"" Ausman","Wisconsin","Representative","7","DEM","Richard ""Dick"" Ausman","AUSMAN","7","WI"
"374","374","Brian Schatz","Hawaii","Senator","N/A","DEM","Brian Schatz","SCHATZ","0","HI"
"375","375","Ed Case","Hawaii","Representative","1","DEM","Ed Case","CASE","1","HI"
"376","376","Jill N. Tokuda","Hawaii","Representative","2","DEM","Jill N. Tokuda","TOKUDA","2","HI"
"377","377","Patricia R. Chesbro","Alaska","Senator","N/A","DEM","Patricia R. Chesbro","CHESBRO","0","AK"
"378","378","Mary S. Peltola","Alaska","Representative","At-Large","DEM","Mary S. Peltola","PELTOLA","0","AK"
"379","379","Lynnette GreyBull","Wyoming","Representative","At-Large","DEM","Lynnette GreyBull","GREYBULL","0","WY"
"380","380","Val Demings","Florida","Senator","N/A","DEM","Val Demings","DEMINGS","0","FL"
"381","381","Rebekah Jones","Florida","Representative","1","DEM","Rebekah Jones","JONES","1","FL"
"382","382","Al Lawson","Florida","Representative","2","DEM","Al Lawson","LAWSON","2","FL"
"383","383","Danielle Hawk","Florida","Representative","3","DEM","Danielle Hawk","HAWK","3","FL"
"384","384","LaShonda ""L.J."" Holloway","Florida","Representative","4","DEM","LaShonda ""L.J."" Holloway","HOLLOWAY","4","FL"
"385","385","Karen Green","Florida","Representative","7","DEM","Karen Green","GREEN","7","FL"
"386","386","Joanne Terry","Florida","Representative","8","DEM","Joanne Terry","TERRY","8","FL"
"387","387","Darren Soto","Florida","Representative","9","DEM","Darren Soto","SOTO","9","FL"
"388","388","Maxwell Alejandro Frost","Florida","Representative","10","DEM","Maxwell Alejandro Frost","FROST","10","FL"
"389","389","Shante Munns","Florida","Representative","11","DEM","Shante Munns","MUNNS","11","FL"
"390","390","Kimberly Walker","Florida","Representative","12","DEM","Kimberly Walker","WALKER","12","FL"
"391","391","Eric Lynn","Florida","Representative","13","DEM","Eric Lynn","LYNN","13","FL"
"392","392","Kathy Castor","Florida","Representative","14","DEM","Kathy Castor","CASTOR","14","FL"
"393","393","Alan M. Cohn","Florida","Representative","15","DEM","Alan M. Cohn","COHN","15","FL"
"394","394","Jan Schneider","Florida","Representative","16","DEM","Jan Schneider","SCHNEIDER","16","FL"
"395","395","Andrea Doria Kale","Florida","Representative","17","DEM","Andrea Doria Kale","KALE","17","FL"
"396","396","Cindy Banyai","Florida","Representative","19","DEM","Cindy Banyai","BANYAI","19","FL"
"397","397","Sheila Cherfilus-McCormick","Florida","Representative","20","DEM","Sheila Cherfilus-McCormick","CHERFILUS-MCCORMICK","20","FL"
"398","398","Corinna Balderramos Robinson","Florida","Representative","21","DEM","Corinna Balderramos Robinson","ROBINSON","21","FL"
"399","399","Lois Frankel","Florida","Representative","22","DEM","Lois Frankel","FRANKEL","22","FL"
"400","400","Jared Moskowitz","Florida","Representative","23","DEM","Jared Moskowitz","MOSKOWITZ","23","FL"
"401","401","Frederica Wilson","Florida","Representative","24","DEM","Frederica Wilson","WILSON","24","FL"
"402","402","Debbie Wasserman Schultz","Florida","Representative","25","DEM","Debbie Wasserman Schultz","SCHULTZ","25","FL"
"403","403","Christine Alexandria Olivo","Florida","Representative","26","DEM","Christine Alexandria Olivo","OLIVO","26","FL"
"404","404","Annette Taddeo","Florida","Representative","27","DEM","Annette Taddeo","TADDEO","27","FL"
"405","405","Robert Asencio","Florida","Representative","28","DEM","Robert Asencio","ASENCIO","28","FL"
"406","406","Bridget Fleming","New York","Representative","1","DEM","Bridget Fleming","FLEMING","1","NY"
"407","407","Jackie Gordon","New York","Representative","2","DEM","Jackie Gordon","GORDON","2","NY"
"408","408","Robert P. Zimmerman","New York","Representative","3","DEM","Robert P. Zimmerman","ZIMMERMAN","3","NY"
"409","409","Laura A. Gillen","New York","Representative","4","DEM","Laura A. Gillen","GILLEN","4","NY"
"410","410","Gregory Meeks","New York","Representative","5","DEM","Gregory Meeks","MEEKS","5","NY"
"411","411","Grace Meng","New York","Representative","6","DEM","Grace Meng","MENG","6","NY"
"412","412","Nydia M. Velazquez","New York","Representative","7","DEM","Nydia M. Velazquez","VELAZQUEZ","7","NY"
"413","413","Hakeem S. Jeffries","New York","Representative","8","DEM","Hakeem S. Jeffries","JEFFRIES","8","NY"
"414","414","Yvette Clarke","New York","Representative","9","DEM","Yvette Clarke","CLARKE","9","NY"
"415","415","Daniel Goldman","New York","Representative","10","DEM","Daniel Goldman","GOLDMAN","10","NY"
"416","416","Max N. Rose","New York","Representative","11","DEM","Max N. Rose","ROSE","11","NY"
"417","417","Jerrold L. Nadler","New York","Representative","12","DEM","Jerrold L. Nadler","NADLER","12","NY"
"418","418","Adriano Espaillat","New York","Representative","13","DEM","Adriano Espaillat","ESPAILLAT","13","NY"
"419","419","Alexandria Ocasio-Cortez","New York","Representative","14","DEM","Alexandria Ocasio-Cortez","OCASIO-CORTEZ","14","NY"
"420","420","Ritchie J. Torres","New York","Representative","15","DEM","Ritchie J. Torres","TORRES","15","NY"
"421","421","Jamaal Bowman","New York","Representative","16","DEM","Jamaal Bowman","BOWMAN","16","NY"
"422","422","Sean Patrick Maloney","New York","Representative","17","DEM","Sean Patrick Maloney","MALONEY","17","NY"
"423","423","Pat Ryan","New York","Representative","18","DEM","Pat Ryan","RYAN","18","NY"
"424","424","Josh Riley","New York","Representative","19","DEM","Josh Riley","RILEY","19","NY"
"425","425","Paul D. Tonko","New York","Representative","20","DEM","Paul D. Tonko","TONKO","20","NY"
"426","426","Matt Castelli","New York","Representative","21","DEM","Matt Castelli","CASTELLI","21","NY"
"427","427","Francis Conole","New York","Representative","22","DEM","Francis Conole","CONOLE","22","NY"
"428","428","Max H. Della Pia","New York","Representative","23","DEM","Max H. Della Pia","PIA","23","NY"
"429","429","Steven Holden","New York","Representative","24","DEM","Steven Holden","HOLDEN","24","NY"
"430","430","Joseph D. Morelle","New York","Representative","25","DEM","Joseph D. Morelle","MORELLE","25","NY"
"431","431","Brian Higgins","New York","Representative","26","DEM","Brian Higgins","HIGGINS","26","NY"
"432","432","Richard E. Neal","Massachusetts","Representative","1","DEM","Richard E. Neal","NEAL","1","MA"
"433","433","James P. McGovern","Massachusetts","Representative","2","DEM","James P. McGovern","MCGOVERN","2","MA"
"434","434","Lori Loureiro Trahan","Massachusetts","Representative","3","DEM","Lori Loureiro Trahan","TRAHAN","3","MA"
"435","435","Jake Auchincloss","Massachusetts","Representative","4","DEM","Jake Auchincloss","AUCHINCLOSS","4","MA"
"436","436","Katherine M. Clark","Massachusetts","Representative","5","DEM","Katherine M. Clark","CLARK","5","MA"
"437","437","Seth Moulton","Massachusetts","Representative","6","DEM","Seth Moulton","MOULTON","6","MA"
"438","438","Ayanna S. Pressley","Massachusetts","Representative","7","DEM","Ayanna S. Pressley","PRESSLEY","7","MA"
"439","439","Stephen F. Lynch","Massachusetts","Representative","8","DEM","Stephen F. Lynch","LYNCH","8","MA"
"440","440","Bill Keating","Massachusetts","Representative","9","DEM","Bill Keating","KEATING","9","MA"
"441","441","Lisa Blunt Rochester","Delaware","Representative","At-Large","DEM","Lisa Blunt Rochester","ROCHESTER","0","DE"
"442","442","Maggie Hassan","New Hampshire","Senator","N/A","DEM","Maggie Hassan","HASSAN","0","NH"
"443","443","Chris Pappas","New Hampshire","Representative","1","DEM","Chris Pappas","PAPPAS","1","NH"
"444","444","Ann McLane Kuster","New Hampshire","Representative","2","DEM","Ann McLane Kuster","KUSTER","2","NH"
"445","445","David N. Cicilline","Rhode Island","Representative","1","DEM","David N. Cicilline","CICILLINE","1","RI"
"446","446","Seth M. Magaziner","Rhode Island","Representative","2","DEM","Seth M. Magaziner","MAGAZINER","2","RI"
"447","447","Nathaniel Moran","Texas","Representative","1","GOP","Nathaniel Moran","MORAN","1","TX"
"448","448","Dan Crenshaw","Texas","Representative","2","GOP","Dan Crenshaw","CRENSHAW","2","TX"
"449","449","Keith Self","Texas","Representative","3","GOP","Keith Self","SELF","3","TX"
"450","450","Pat Fallon","Texas","Representative","4","GOP","Pat Fallon","FALLON","4","TX"
"451","451","Lance Gooden","Texas","Representative","5","GOP","Lance Gooden","GOODEN","5","TX"
"452","452","Jake Ellzey","Texas","Representative","6","GOP","Jake Ellzey","ELLZEY","6","TX"
"453","453","Johnny Teague","Texas","Representative","7","GOP","Johnny Teague","TEAGUE","7","TX"
"454","454","Morgan Luttrell","Texas","Representative","8","GOP","Morgan Luttrell","LUTTRELL","8","TX"
"455","455","Jimmy I. Leon","Texas","Representative","9","GOP","Jimmy I. Leon","LEON","9","TX"
"456","456","Michael McCaul","Texas","Representative","10","GOP","Michael McCaul","MCCAUL","10","TX"
"457","457","August Pfluger","Texas","Representative","11","GOP","August Pfluger","PFLUGER","11","TX"
"458","458","Kay Granger","Texas","Representative","12","GOP","Kay Granger","GRANGER","12","TX"
"459","459","Ronny Jackson","Texas","Representative","13","GOP","Ronny Jackson","JACKSON","13","TX"
"460","460","Randy Weber","Texas","Representative","14","GOP","Randy Weber","WEBER","14","TX"
"461","461","Monica De La Cruz","Texas","Representative","15","GOP","Monica De La Cruz","CRUZ","15","TX"
"462","462","Irene Armendariz-Jackson","Texas","Representative","16","GOP","Irene Armendariz-Jackson","ARMENDARIZ-JACKSON","16","TX"
"463","463","Pete Sessions","Texas","Representative","17","GOP","Pete Sessions","SESSIONS","17","TX"
"464","464","Carmen Maria Montiel","Texas","Representative","18","GOP","Carmen Maria Montiel","MONTIEL","18","TX"
"465","465","Jodey C. Arrington","Texas","Representative","19","GOP","Jodey C. Arrington","ARRINGTON","19","TX"
"466","466","Kyle Sinclair","Texas","Representative","20","GOP","Kyle Sinclair","SINCLAIR","20","TX"
"467","467","Chip Roy","Texas","Representative","21","GOP","Chip Roy","ROY","21","TX"
"468","468","Troy E. Nehls","Texas","Representative","22","GOP","Troy E. Nehls","NEHLS","22","TX"
"469","469","Tony Gonzales","Texas","Representative","23","GOP","Tony Gonzales","GONZALES","23","TX"
"470","470","Beth Van Duyne","Texas","Representative","24","GOP","Beth Van Duyne","DUYNE","24","TX"
"471","471","Roger Williams","Texas","Representative","25","GOP","Roger Williams","WILLIAMS","25","TX"
"472","472","Michael C. Burgess","Texas","Representative","26","GOP","Michael C. Burgess","BURGESS","26","TX"
"473","473","Michael Cloud","Texas","Representative","27","GOP","Michael Cloud","CLOUD","27","TX"
"474","474","Cassy Garcia","Texas","Representative","28","GOP","Cassy Garcia","GARCIA","28","TX"
"475","475","Robert Schafranek","Texas","Representative","29","GOP","Robert Schafranek","SCHAFRANEK","29","TX"
"476","476","James Rodgers","Texas","Representative","30","GOP","James Rodgers","RODGERS","30","TX"
"477","477","John Carter","Texas","Representative","31","GOP","John Carter","CARTER","31","TX"
"478","478","Antonio Swad","Texas","Representative","32","GOP","Antonio Swad","SWAD","32","TX"
"479","479","Patrick David Gillespie","Texas","Representative","33","GOP","Patrick David Gillespie","GILLESPIE","33","TX"
"480","480","Mayra Flores","Texas","Representative","34","GOP","Mayra Flores","FLORES","34","TX"
"481","481","Dan McQueen","Texas","Representative","35","GOP","Dan McQueen","MCQUEEN","35","TX"
"482","482","Brian Babin","Texas","Representative","36","GOP","Brian Babin","BABIN","36","TX"
"483","483","Jenny Garcia Sharon","Texas","Representative","37","GOP","Jenny Garcia Sharon","SHARON","37","TX"
"484","484","Wesley Hunt","Texas","Representative","38","GOP","Wesley Hunt","HUNT","38","TX"
"485","485","Todd Young","Indiana","Senator","N/A","GOP","Todd Young","YOUNG","0","IN"
"486","486","Jennifer-Ruth Green","Indiana","Representative","1","GOP","Jennifer-Ruth Green","GREEN","1","IN"
"487","487","Jackie Walorski","Indiana","Representative","2","GOP","Jackie Walorski","WALORSKI","2","IN"
"488","488","Jim Banks","Indiana","Representative","3","GOP","Jim Banks","BANKS","3","IN"
"489","489","Jim Baird","Indiana","Representative","4","GOP","Jim Baird","BAIRD","4","IN"
"490","490","Victoria Spartz","Indiana","Representative","5","GOP","Victoria Spartz","SPARTZ","5","IN"
"491","491","Greg Pence","Indiana","Representative","6","GOP","Greg Pence","PENCE","6","IN"
"492","492","Angela Grabovsky","Indiana","Representative","7","GOP","Angela Grabovsky","GRABOVSKY","7","IN"
"493","493","Larry D. Bucshon","Indiana","Representative","8","GOP","Larry D. Bucshon","BUCSHON","8","IN"
"494","494","Erin Houchin","Indiana","Representative","9","GOP","Erin Houchin","HOUCHIN","9","IN"
"495","495","J.D. Vance","Ohio","Senator","N/A","GOP","J.D. Vance","VANCE","0","OH"
"496","496","Steve Chabot","Ohio","Representative","1","GOP","Steve Chabot","CHABOT","1","OH"
"497","497","Brad Wenstrup","Ohio","Representative","2","GOP","Brad Wenstrup","WENSTRUP","2","OH"
"498","498","Lee R. Stahley","Ohio","Representative","3","GOP","Lee R. Stahley","STAHLEY","3","OH"
"499","499","Jim Jordan","Ohio","Representative","4","GOP","Jim Jordan","JORDAN","4","OH"
"500","500","Bob Latta","Ohio","Representative","5","GOP","Bob Latta","LATTA","5","OH"
"501","501","Bill Johnson","Ohio","Representative","6","GOP","Bill Johnson","JOHNSON","6","OH"
"502","502","Max Miller","Ohio","Representative","7","GOP","Max Miller","MILLER","7","OH"
"503","503","Warren Davidson","Ohio","Representative","8","GOP","Warren Davidson","DAVIDSON","8","OH"
"504","504","J.R. Majewski","Ohio","Representative","9","GOP","J.R. Majewski","MAJEWSKI","9","OH"
"505","505","Mike Turner","Ohio","Representative","10","GOP","Mike Turner","TURNER","10","OH"
"506","506","Eric J. Brewer","Ohio","Representative","11","GOP","Eric J. Brewer","BREWER","11","OH"
"507","507","Troy Balderson","Ohio","Representative","12","GOP","Troy Balderson","BALDERSON","12","OH"
"508","508","Madison Gesiotto Gilbert","Ohio","Representative","13","GOP","Madison Gesiotto Gilbert","GILBERT","13","OH"
"509","509","David P. Joyce","Ohio","Representative","14","GOP","David P. Joyce","JOYCE","14","OH"
"510","510","Mike Carey","Ohio","Representative","15","GOP","Mike Carey","CAREY","15","OH"
"511","511","Jim Myles","Virginia","Representative","11","GOP","Jim Myles","MYLES","11","VA"
"512","512","Carol Miller","West Virginia","Representative","1","GOP","Carol Miller","MILLER","1","WV"
"513","513","Alexander X. Mooney","West Virginia","Representative","2","GOP","Alexander X. Mooney","MOONEY","2","WV"
"514","514","Mike Flood","Nebraska","Representative","1","GOP","Mike Flood","FLOOD","1","NE"
"515","515","Don Bacon","Nebraska","Representative","2","GOP","Don Bacon","BACON","2","NE"
"516","516","Adrian Smith","Nebraska","Representative","3","GOP","Adrian Smith","SMITH","3","NE"
"517","517","Rand Paul","Kentucky","Senator","N/A","GOP","Rand Paul","PAUL","0","KY"
"518","518","James R. Comer","Kentucky","Representative","1","GOP","James R. Comer","COMER","1","KY"
"519","519","S. Brett Guthrie","Kentucky","Representative","2","GOP","S. Brett Guthrie","GUTHRIE","2","KY"
"520","520","Stuart N. Ray","Kentucky","Representative","3","GOP","Stuart N. Ray","RAY","3","KY"
"521","521","Thomas Massie","Kentucky","Representative","4","GOP","Thomas Massie","MASSIE","4","KY"
"522","522","Harold ""Hal"" Rogers","Kentucky","Representative","5","GOP","Harold ""Hal"" Rogers","ROGERS","5","KY"
"523","523","Andy Barr","Kentucky","Representative","6","GOP","Andy Barr","BARR","6","KY"
"524","524","Jo Rae Perkins","Oregon","Senator","N/A","GOP","Jo Rae Perkins","PERKINS","0","OR"
"525","525","Christopher A. Mann","Oregon","Representative","1","GOP","Christopher A. Mann","MANN","1","OR"
"526","526","Cliff S. Bentz","Oregon","Representative","2","GOP","Cliff S. Bentz","BENTZ","2","OR"
"527","527","Joanna Harbour","Oregon","Representative","3","GOP","Joanna Harbour","HARBOUR","3","OR"
"528","528","Alek Skarlatos","Oregon","Representative","4","GOP","Alek Skarlatos","SKARLATOS","4","OR"
"529","529","Lori Chavez-DeRemer","Oregon","Representative","5","GOP","Lori Chavez-DeRemer","CHAVEZ-DEREMER","5","OR"
"530","530","Mike Erickson","Oregon","Representative","6","GOP","Mike Erickson","ERICKSON","6","OR"
"531","531","Mike Crapo","Idaho","Senator","N/A","GOP","Mike Crapo","CRAPO","0","ID"
"532","532","Russ Fulcher","Idaho","Representative","1","GOP","Russ Fulcher","FULCHER","1","ID"
"533","533","Mike Simpson","Idaho","Representative","2","GOP","Mike Simpson","SIMPSON","2","ID"
"534","534","Ted Budd","North Carolina","Senator","N/A","GOP","Ted Budd","BUDD","0","NC"
"535","535","Sandy Smith","North Carolina","Representative","1","GOP","Sandy Smith","SMITH","1","NC"
"536","536","Christine E. Villaverde","North Carolina","Representative","2","GOP","Christine E. Villaverde","VILLAVERDE","2","NC"
"537","537","Greg Murphy","North Carolina","Representative","3","GOP","Greg Murphy","MURPHY","3","NC"
"538","538","Courtney Geels","North Carolina","Representative","4","GOP","Courtney Geels","GEELS","4","NC"
"539","539","Virginia Foxx","North Carolina","Representative","5","GOP","Virginia Foxx","FOXX","5","NC"
"540","540","Christian Castelli","North Carolina","Representative","6","GOP","Christian Castelli","CASTELLI","6","NC"
"541","541","David Rouzer","North Carolina","Representative","7","GOP","David Rouzer","ROUZER","7","NC"
"542","542","Dan Bishop","North Carolina","Representative","8","GOP","Dan Bishop","BISHOP","8","NC"
"543","543","Richard Hudson","North Carolina","Representative","9","GOP","Richard Hudson","HUDSON","9","NC"
"544","544","Patrick McHenry","North Carolina","Representative","10","GOP","Patrick McHenry","MCHENRY","10","NC"
"545","545","Chuck Edwards","North Carolina","Representative","11","GOP","Chuck Edwards","EDWARDS","11","NC"
"546","546","Tyler Lee","North Carolina","Representative","12","GOP","Tyler Lee","LEE","12","NC"
"547","547","Bo Hines","North Carolina","Representative","13","GOP","Bo Hines","HINES","13","NC"
"548","548","Pat Harrigan","North Carolina","Representative","14","GOP","Pat Harrigan","HARRIGAN","14","NC"
"549","549","Mehmet Oz","Pennsylvania","Senator","N/A","GOP","Mehmet Oz","OZ","0","PA"
"550","550","Brian Fitzpatrick","Pennsylvania","Representative","1","GOP","Brian Fitzpatrick","FITZPATRICK","1","PA"
"551","551","Aaron Bashir","Pennsylvania","Representative","2","GOP","Aaron Bashir","BASHIR","2","PA"
"552","552","Christian Nascimento","Pennsylvania","Representative","4","GOP","Christian Nascimento","NASCIMENTO","4","PA"
"553","553","David Galluch","Pennsylvania","Representative","5","GOP","David Galluch","GALLUCH","5","PA"
"554","554","Guy Ciarrocchi","Pennsylvania","Representative","6","GOP","Guy Ciarrocchi","CIARROCCHI","6","PA"
"555","555","Lisa Scheller","Pennsylvania","Representative","7","GOP","Lisa Scheller","SCHELLER","7","PA"
"556","556","Jim Bognet","Pennsylvania","Representative","8","GOP","Jim Bognet","BOGNET","8","PA"
"557","557","Dan Meuser","Pennsylvania","Representative","9","GOP","Dan Meuser","MEUSER","9","PA"
"558","558","Scott Perry","Pennsylvania","Representative","10","GOP","Scott Perry","PERRY","10","PA"
"559","559","Lloyd K. Smucker","Pennsylvania","Representative","11","GOP","Lloyd K. Smucker","SMUCKER","11","PA"
"560","560","Mike Doyle","Pennsylvania","Representative","12","GOP","Mike Doyle","DOYLE","12","PA"
"561","561","John Joyce","Pennsylvania","Representative","13","GOP","John Joyce","JOYCE","13","PA"
"562","562","Guy Reschenthaler","Pennsylvania","Representative","14","GOP","Guy Reschenthaler","RESCHENTHALER","14","PA"
"563","563","Glenn ""GT"" Thompson","Pennsylvania","Representative","15","GOP","Glenn ""GT"" Thompson","THOMPSON","15","PA"
"564","564","Mike Kelly","Pennsylvania","Representative","16","GOP","Mike Kelly","KELLY","16","PA"
"565","565","Jeremy Shaffer","Pennsylvania","Representative","17","GOP","Jeremy Shaffer","SHAFFER","17","PA"
"566","566","Bob Good","Virginia","Representative","5","GOP","Bob Good","GOOD","5","VA"
"567","567","Karina Lipsman","Virginia","Representative","8","GOP","Karina Lipsman","LIPSMAN","8","VA"
"568","568","Hung Cao","Virginia","Representative","10","GOP","Hung Cao","CAO","10","VA"
"569","569","Katie Britt","Alabama","Senator","N/A","GOP","Katie Britt","BRITT","0","AL"
"570","570","Jerry Carl","Alabama","Representative","1","GOP","Jerry Carl","CARL","1","AL"
"571","571","Barry Moore","Alabama","Representative","2","GOP","Barry Moore","MOORE","2","AL"
"572","572","Mike Rogers","Alabama","Representative","3","GOP","Mike Rogers","ROGERS","3","AL"
"573","573","Robert Aderholt","Alabama","Representative","4","GOP","Robert Aderholt","ADERHOLT","4","AL"
"574","574","Dale Strong","Alabama","Representative","5","GOP","Dale Strong","STRONG","5","AL"
"575","575","Gary Palmer","Alabama","Representative","6","GOP","Gary Palmer","PALMER","6","AL"
"576","576","Beatrice Nichols","Alabama","Representative","7","GOP","Beatrice Nichols","NICHOLS","7","AL"
"577","577","John Boozman","Arkansas","Senator","N/A","GOP","John Boozman","BOOZMAN","0","AR"
"578","578","Rick Crawford","Arkansas","Representative","1","GOP","Rick Crawford","CRAWFORD","1","AR"
"579","579","French Hill","Arkansas","Representative","2","GOP","French Hill","HILL","2","AR"
"580","580","Steve Womack","Arkansas","Representative","3","GOP","Steve Womack","WOMACK","3","AR"
"581","581","Bruce Westerman","Arkansas","Representative","4","GOP","Bruce Westerman","WESTERMAN","4","AR"
"582","582","Herschel Junior Walker","Georgia","Senator","N/A","GOP","Herschel Junior Walker","WALKER","0","GA"
"583","583","Earl L. ""Buddy"" Carter","Georgia","Representative","1","GOP","Earl L. ""Buddy"" Carter","CARTER","1","GA"
"584","584","Chris West","Georgia","Representative","2","GOP","Chris West","WEST","2","GA"
"585","585","Drew Ferguson","Georgia","Representative","3","GOP","Drew Ferguson","FERGUSON","3","GA"
"586","586","Jonathan Chavez","Georgia","Representative","4","GOP","Jonathan Chavez","CHAVEZ","4","GA"
"587","587","Christian Zimm","Georgia","Representative","5","GOP","Christian Zimm","ZIMM","5","GA"
"588","588","Rich McCormick","Georgia","Representative","6","GOP","Rich McCormick","MCCORMICK","6","GA"
"589","589","Mark Gonsalves","Georgia","Representative","7","GOP","Mark Gonsalves","GONSALVES","7","GA"
"590","590","Austin Scott","Georgia","Representative","8","GOP","Austin Scott","SCOTT","8","GA"
"591","591","Andrew Clyde","Georgia","Representative","9","GOP","Andrew Clyde","CLYDE","9","GA"
"592","592","Mike Collins","Georgia","Representative","10","GOP","Mike Collins","COLLINS","10","GA"
"593","593","Barry Loudermilk","Georgia","Representative","11","GOP","Barry Loudermilk","LOUDERMILK","11","GA"
"594","594","Rick W. Allen","Georgia","Representative","12","GOP","Rick W. Allen","ALLEN","12","GA"
"595","595","Caesar Gonzales","Georgia","Representative","13","GOP","Caesar Gonzales","GONZALES","13","GA"
"596","596","Marjorie Taylor Greene","Georgia","Representative","14","GOP","Marjorie Taylor Greene","GREENE","14","GA"
"597","597","Michelle Garcia Holmes","New Mexico","Representative","1","GOP","Michelle Garcia Holmes","HOLMES","1","NM"
"598","598","Yvette Herrell","New Mexico","Representative","2","GOP","Yvette Herrell","HERRELL","2","NM"
"599","599","Alexis Martinez Johnson","New Mexico","Representative","3","GOP","Alexis Martinez Johnson","JOHNSON","3","NM"
"600","600","Trent Kelly","Mississippi","Representative","1","GOP","Trent Kelly","KELLY","1","MS"
"601","601","Brian Flowers","Mississippi","Representative","2","GOP","Brian Flowers","FLOWERS","2","MS"
"602","602","Michael Guest","Mississippi","Representative","3","GOP","Michael Guest","GUEST","3","MS"
"603","603","Mike Ezell","Mississippi","Representative","4","GOP","Mike Ezell","EZELL","4","MS"
"604","604","Ryan K. Zinke","Montana","Representative","1","GOP","Ryan K. Zinke","ZINKE","1","MT"
"605","605","Matt Rosendale","Montana","Representative","2","GOP","Matt Rosendale","ROSENDALE","2","MT"
"606","606","Chuck Grassley","Iowa","Senator","N/A","GOP","Chuck Grassley","GRASSLEY","0","IA"
"607","607","Mariannette Miller-Meeks","Iowa","Representative","1","GOP","Mariannette Miller-Meeks","MILLER-MEEKS","1","IA"
"608","608","Ashley Hinson","Iowa","Representative","2","GOP","Ashley Hinson","HINSON","2","IA"
"609","609","Zach Nunn","Iowa","Representative","3","GOP","Zach Nunn","NUNN","3","IA"
"610","610","Randy Feenstra","Iowa","Representative","4","GOP","Randy Feenstra","FEENSTRA","4","IA"
"611","611","John R. Thune","South Dakota","Senator","N/A","GOP","John R. Thune","THUNE","0","SD"
"612","612","Dusty Johnson","South Dakota","Representative","At-Large","GOP","Dusty Johnson","JOHNSON","0","SD"
"613","613","Claire Gustafson","New Jersey","Representative","1","GOP","Claire Gustafson","GUSTAFSON","1","NJ"
"614","614","Jeff Van Drew","New Jersey","Representative","2","GOP","Jeff Van Drew","DREW","2","NJ"
"615","615","Bob Healey","New Jersey","Representative","3","GOP","Bob Healey","HEALEY","3","NJ"
"616","616","Christopher H. Smith","New Jersey","Representative","4","GOP","Christopher H. Smith","SMITH","4","NJ"
"617","617","Frank T. Pallotta","New Jersey","Representative","5","GOP","Frank T. Pallotta","PALLOTTA","5","NJ"
"618","618","Susan M. Kiley","New Jersey","Representative","6","GOP","Susan M. Kiley","KILEY","6","NJ"
"619","619","Thomas H. Kean Jr.","New Jersey","Representative","7","GOP","Thomas H. Kean Jr.","JR.","7","NJ"
"620","620","Marcos Arroyo","New Jersey","Representative","8","GOP","Marcos Arroyo","ARROYO","8","NJ"
"621","621","Billy Prempeh","New Jersey","Representative","9","GOP","Billy Prempeh","PREMPEH","9","NJ"
"622","622","David H. Pinckney","New Jersey","Representative","10","GOP","David H. Pinckney","PINCKNEY","10","NJ"
"623","623","Paul DeGroot","New Jersey","Representative","11","GOP","Paul DeGroot","DEGROOT","11","NJ"
"624","624","Darius Mayfield","New Jersey","Representative","12","GOP","Darius Mayfield","MAYFIELD","12","NJ"
"625","625","Mark P. Meuser","California","Senator","N/A","GOP","Mark P. Meuser","MEUSER","0","CA"
"626","626","Doug LaMalfa","California","Representative","1","GOP","Doug LaMalfa","LAMALFA","1","CA"
"627","627","Douglas Brower","California","Representative","2","GOP","Douglas Brower","BROWER","2","CA"
"628","628","Kevin Kiley","California","Representative","3","GOP","Kevin Kiley","KILEY","3","CA"
"629","629","Matt Brock","California","Representative","4","GOP","Matt Brock","BROCK","4","CA"
"630","630","Tom McClintock","California","Representative","5","GOP","Tom McClintock","MCCLINTOCK","5","CA"
"631","631","Tamika Hamilton","California","Representative","6","GOP","Tamika Hamilton","HAMILTON","6","CA"
"632","632","Max Semenenko","California","Representative","7","GOP","Max Semenenko","SEMENENKO","7","CA"
"633","633","Rudy Recile","California","Representative","8","GOP","Rudy Recile","RECILE","8","CA"
"634","634","Tom Patti","California","Representative","9","GOP","Tom Patti","PATTI","9","CA"
"635","635","John Dennis","California","Representative","11","GOP","John Dennis","DENNIS","11","CA"
"636","636","Stephen Slauson","California","Representative","12","GOP","Stephen Slauson","SLAUSON","12","CA"
"637","637","John Duarte","California","Representative","13","GOP","John Duarte","DUARTE","13","CA"
"638","638","Alison Hayden","California","Representative","14","GOP","Alison Hayden","HAYDEN","14","CA"
"639","639","Ritesh Tandon","California","Representative","17","GOP","Ritesh Tandon","TANDON","17","CA"
"640","640","Peter Hernandez","California","Representative","18","GOP","Peter Hernandez","HERNANDEZ","18","CA"
"641","641","Jeff Gorman","California","Representative","19","GOP","Jeff Gorman","GORMAN","19","CA"
"642","642","Kevin McCarthy","California","Representative","20","GOP","Kevin McCarthy","MCCARTHY","20","CA"
"643","643","Michael Maher","California","Representative","21","GOP","Michael Maher","MAHER","21","CA"
"644","644","David G. Valadao","California","Representative","22","GOP","David G. Valadao","VALADAO","22","CA"
"645","645","Jay Obernolte","California","Representative","23","GOP","Jay Obernolte","OBERNOLTE","23","CA"
"646","646","Brad Allen","California","Representative","24","GOP","Brad Allen","ALLEN","24","CA"
"647","647","Brian E. Hawkins","California","Representative","25","GOP","Brian E. Hawkins","HAWKINS","25","CA"
"648","648","Matt Jacobs","California","Representative","26","GOP","Matt Jacobs","JACOBS","26","CA"
"649","649","Mike Garcia","California","Representative","27","GOP","Mike Garcia","GARCIA","27","CA"
"650","650","Wes Hallman","California","Representative","28","GOP","Wes Hallman","HALLMAN","28","CA"
"651","651","Daniel Bocic Martinez","California","Representative","31","GOP","Daniel Bocic Martinez","MARTINEZ","31","CA"
"652","652","Lucie Lapointe Volotzky","California","Representative","32","GOP","Lucie Lapointe Volotzky","VOLOTZKY","32","CA"
"653","653","John Mark Porter","California","Representative","33","GOP","John Mark Porter","PORTER","33","CA"
"654","654","Mike Cargile","California","Representative","35","GOP","Mike Cargile","CARGILE","35","CA"
"655","655","Joe E. Collins III","California","Representative","36","GOP","Joe E. Collins III","III","36","CA"
"656","656","Eric J. Ching","California","Representative","38","GOP","Eric J. Ching","CHING","38","CA"
"657","657","Aja Smith","California","Representative","39","GOP","Aja Smith","SMITH","39","CA"
"658","658","Young Kim","California","Representative","40","GOP","Young Kim","KIM","40","CA"
"659","659","Ken Calvert","California","Representative","41","GOP","Ken Calvert","CALVERT","41","CA"
"660","660","John Briscoe","California","Representative","42","GOP","John Briscoe","BRISCOE","42","CA"
"661","661","Omar Navarro","California","Representative","43","GOP","Omar Navarro","NAVARRO","43","CA"
"662","662","Paul Jones","California","Representative","44","GOP","Paul Jones","JONES","44","CA"
"663","663","Michelle Steel","California","Representative","45","GOP","Michelle Steel","STEEL","45","CA"
"664","664","Christopher J. Gonzales","California","Representative","46","GOP","Christopher J. Gonzales","GONZALES","46","CA"
"665","665","Scott Baugh","California","Representative","47","GOP","Scott Baugh","BAUGH","47","CA"
"666","666","Darrell Issa","California","Representative","48","GOP","Darrell Issa","ISSA","48","CA"
"667","667","Brian Maryott","California","Representative","49","GOP","Brian Maryott","MARYOTT","49","CA"
"668","668","Corey Gustafson","California","Representative","50","GOP","Corey Gustafson","GUSTAFSON","50","CA"
"669","669","Stan Caplan","California","Representative","51","GOP","Stan Caplan","CAPLAN","51","CA"
"670","670","Tyler Geffeney","California","Representative","52","GOP","Tyler Geffeney","GEFFENEY","52","CA"
"671","671","Edwin Thelander","Maine","Representative","1","GOP","Edwin Thelander","THELANDER","1","ME"
"672","672","Bruce Poliquin","Maine","Representative","2","GOP","Bruce Poliquin","POLIQUIN","2","ME"
"673","673","Adam Paul Laxalt","Nevada","Senator","N/A","GOP","Adam Paul Laxalt","LAXALT","0","NV"
"674","674","Mark Robertson","Nevada","Representative","1","GOP","Mark Robertson","ROBERTSON","1","NV"
"675","675","Mark E. Amodei","Nevada","Representative","2","GOP","Mark E. Amodei","AMODEI","2","NV"
"676","676","April Becker","Nevada","Representative","3","GOP","April Becker","BECKER","3","NV"
"677","677","Sam Peters","Nevada","Representative","4","GOP","Sam Peters","PETERS","4","NV"
"678","678","Tim Scott","South Carolina","Senator","N/A","GOP","Tim Scott","SCOTT","0","SC"
"679","679","Nancy Mace","South Carolina","Representative","1","GOP","Nancy Mace","MACE","1","SC"
"680","680","Joe Wilson","South Carolina","Representative","2","GOP","Joe Wilson","WILSON","2","SC"
"681","681","Jeff Duncan","South Carolina","Representative","3","GOP","Jeff Duncan","DUNCAN","3","SC"
"682","682","William Timmons","South Carolina","Representative","4","GOP","William Timmons","TIMMONS","4","SC"
"683","683","Ralph Norman","South Carolina","Representative","5","GOP","Ralph Norman","NORMAN","5","SC"
"684","684","Duke Buckner","South Carolina","Representative","6","GOP","Duke Buckner","BUCKNER","6","SC"
"685","685","Russell Fry","South Carolina","Representative","7","GOP","Russell Fry","FRY","7","SC"
"686","686","John Hoeven","North Dakota","Senator","N/A","GOP","John Hoeven","HOEVEN","0","ND"
"687","687","Kelly Armstrong","North Dakota","Representative","At-Large","GOP","Kelly Armstrong","ARMSTRONG","0","ND"
"688","688","Rob J. Wittman","Virginia","Representative","1","GOP","Rob J. Wittman","WITTMAN","1","VA"
"689","689","Jen A. Kiggans","Virginia","Representative","2","GOP","Jen A. Kiggans","KIGGANS","2","VA"
"690","690","Terry T. Namkung","Virginia","Representative","3","GOP","Terry T. Namkung","NAMKUNG","3","VA"
"691","691","Leon Benjamin Sr.","Virginia","Representative","4","GOP","Leon Benjamin Sr.","SR.","4","VA"
"692","692","Ben L. Cline","Virginia","Representative","6","GOP","Ben L. Cline","CLINE","6","VA"
"693","693","Yesli I. Vega","Virginia","Representative","7","GOP","Yesli I. Vega","VEGA","7","VA"
"694","694","H. Morgan Griffith","Virginia","Representative","9","GOP","H. Morgan Griffith","GRIFFITH","9","VA"
"695","695","Joe O'Dea","Colorado","Senator","N/A","GOP","Joe O'Dea","O'DEA","0","CO"
"696","696","Jennifer Qualteri","Colorado","Representative","1","GOP","Jennifer Qualteri","QUALTERI","1","CO"
"697","697","Marshall Dawson","Colorado","Representative","2","GOP","Marshall Dawson","DAWSON","2","CO"
"698","698","Lauren Boebert","Colorado","Representative","3","GOP","Lauren Boebert","BOEBERT","3","CO"
"699","699","Ken Buck","Colorado","Representative","4","GOP","Ken Buck","BUCK","4","CO"
"700","700","Doug Lamborn","Colorado","Representative","5","GOP","Doug Lamborn","LAMBORN","5","CO"
"701","701","Steven Monahan","Colorado","Representative","6","GOP","Steven Monahan","MONAHAN","6","CO"
"702","702","Erik Aadland","Colorado","Representative","7","GOP","Erik Aadland","AADLAND","7","CO"
"703","703","Barbara Kirkmeyer","Colorado","Representative","8","GOP","Barbara Kirkmeyer","KIRKMEYER","8","CO"
"704","704","Kathy Salvi","Illinois","Senator","N/A","GOP","Kathy Salvi","SALVI","0","IL"
"705","705","Eric Carlson","Illinois","Representative","1","GOP","Eric Carlson","CARLSON","1","IL"
"706","706","Thomas Lynch","Illinois","Representative","2","GOP","Thomas Lynch","LYNCH","2","IL"
"707","707","Justin Burau","Illinois","Representative","3","GOP","Justin Burau","BURAU","3","IL"
"708","708","James Falakos","Illinois","Representative","4","GOP","James Falakos","FALAKOS","4","IL"
"709","709","Tommy Hanson","Illinois","Representative","5","GOP","Tommy Hanson","HANSON","5","IL"
"710","710","Keith Pekau","Illinois","Representative","6","GOP","Keith Pekau","PEKAU","6","IL"
"711","711","Chris Dargis","Illinois","Representative","8","GOP","Chris Dargis","DARGIS","8","IL"
"712","712","Maxwell ""Max"" Rice","Illinois","Representative","9","GOP","Maxwell ""Max"" Rice","RICE","9","IL"
"713","713","Joseph Severino","Illinois","Representative","10","GOP","Joseph Severino","SEVERINO","10","IL"
"714","714","Catalina Lauf","Illinois","Representative","11","GOP","Catalina Lauf","LAUF","11","IL"
"715","715","Mike Bost","Illinois","Representative","12","GOP","Mike Bost","BOST","12","IL"
"716","716","Regan Deering","Illinois","Representative","13","GOP","Regan Deering","DEERING","13","IL"
"717","717","Scott R. Gryder","Illinois","Representative","14","GOP","Scott R. Gryder","GRYDER","14","IL"
"718","718","Mary Miller","Illinois","Representative","15","GOP","Mary Miller","MILLER","15","IL"
"719","719","Darin LaHood","Illinois","Representative","16","GOP","Darin LaHood","LAHOOD","16","IL"
"720","720","Esther Joy King","Illinois","Representative","17","GOP","Esther Joy King","KING","17","IL"
"721","721","Joe Pinion","New York","Senator","N/A","GOP","Joe Pinion","PINION","0","NY"
"722","722","James Lankford","Oklahoma","Senator","N/A","GOP","James Lankford","LANKFORD","0","OK"
"723","723","Markwayne Mullin","Oklahoma","Senator","N/A","GOP","Markwayne Mullin","MULLIN","0","OK"
"724","724","Kevin Hern","Oklahoma","Representative","1","GOP","Kevin Hern","HERN","1","OK"
"725","725","Josh Brecheen","Oklahoma","Representative","2","GOP","Josh Brecheen","BRECHEEN","2","OK"
"726","726","Frank D. Lucas","Oklahoma","Representative","3","GOP","Frank D. Lucas","LUCAS","3","OK"
"727","727","Tom Cole","Oklahoma","Representative","4","GOP","Tom Cole","COLE","4","OK"
"728","728","Stephanie Bice","Oklahoma","Representative","5","GOP","Stephanie Bice","BICE","5","OK"
"729","729","Mike Lee","Utah","Senator","N/A","GOP","Mike Lee","LEE","0","UT"
"730","730","Blake D. Moore","Utah","Representative","1","GOP","Blake D. Moore","MOORE","1","UT"
"731","731","Chris Stewart","Utah","Representative","2","GOP","Chris Stewart","STEWART","2","UT"
"732","732","John Curtis","Utah","Representative","3","GOP","John Curtis","CURTIS","3","UT"
"733","733","Burgess Owens","Utah","Representative","4","GOP","Burgess Owens","OWENS","4","UT"
"734","734","Chris Chaffee","Maryland","Senator","N/A","GOP","Chris Chaffee","CHAFFEE","0","MD"
"735","735","Andy Harris","Maryland","Representative","1","GOP","Andy Harris","HARRIS","1","MD"
"736","736","Nicolee Ambrose","Maryland","Representative","2","GOP","Nicolee Ambrose","AMBROSE","2","MD"
"737","737","Yuripzy Morgan","Maryland","Representative","3","GOP","Yuripzy Morgan","MORGAN","3","MD"
"738","738","Jeff Warner","Maryland","Representative","4","GOP","Jeff Warner","WARNER","4","MD"
"739","739","Chris Palombi","Maryland","Representative","5","GOP","Chris Palombi","PALOMBI","5","MD"
"740","740","Neil C. Parrott","Maryland","Representative","6","GOP","Neil C. Parrott","PARROTT","6","MD"
"741","741","Scott M. Collier","Maryland","Representative","7","GOP","Scott M. Collier","COLLIER","7","MD"
"742","742","Gregory Thomas Coll","Maryland","Representative","8","GOP","Gregory Thomas Coll","COLL","8","MD"
"743","743","Blake Masters","Arizona","Senator","N/A","GOP","Blake Masters","MASTERS","0","AZ"
"744","744","David Schweikert","Arizona","Representative","1","GOP","David Schweikert","SCHWEIKERT","1","AZ"
"745","745","Eli Crane","Arizona","Representative","2","GOP","Eli Crane","CRANE","2","AZ"
"746","746","Jeff Zink","Arizona","Representative","3","GOP","Jeff Zink","ZINK","3","AZ"
"747","747","Kelly Cooper","Arizona","Representative","4","GOP","Kelly Cooper","COOPER","4","AZ"
"748","748","Andy Biggs","Arizona","Representative","5","GOP","Andy Biggs","BIGGS","5","AZ"
"749","749","Juan Ciscomani","Arizona","Representative","6","GOP","Juan Ciscomani","CISCOMANI","6","AZ"
"750","750","Luis Pozzolo","Arizona","Representative","7","GOP","Luis Pozzolo","POZZOLO","7","AZ"
"751","751","Debbie Lesko","Arizona","Representative","8","GOP","Debbie Lesko","LESKO","8","AZ"
"752","752","Paul Gosar","Arizona","Representative","9","GOP","Paul Gosar","GOSAR","9","AZ"
"753","753","Jerry Moran","Kansas","Senator","N/A","GOP","Jerry Moran","MORAN","0","KS"
"754","754","Tracey Mann","Kansas","Representative","1","GOP","Tracey Mann","MANN","1","KS"
"755","755","Jake LaTurner","Kansas","Representative","2","GOP","Jake LaTurner","LATURNER","2","KS"
"756","756","Amanda L. Adkins","Kansas","Representative","3","GOP","Amanda L. Adkins","ADKINS","3","KS"
"757","757","Ron Estes","Kansas","Representative","4","GOP","Ron Estes","ESTES","4","KS"
"758","758","Jack Bergman","Michigan","Representative","1","GOP","Jack Bergman","BERGMAN","1","MI"
"759","759","John Moolenaar","Michigan","Representative","2","GOP","John Moolenaar","MOOLENAAR","2","MI"
"760","760","John Gibbs","Michigan","Representative","3","GOP","John Gibbs","GIBBS","3","MI"
"761","761","Bill Huizenga","Michigan","Representative","4","GOP","Bill Huizenga","HUIZENGA","4","MI"
"762","762","Tim Walberg","Michigan","Representative","5","GOP","Tim Walberg","WALBERG","5","MI"
"763","763","Whittney Williams","Michigan","Representative","6","GOP","Whittney Williams","WILLIAMS","6","MI"
"764","764","Tom Barrett","Michigan","Representative","7","GOP","Tom Barrett","BARRETT","7","MI"
"765","765","Paul Junge","Michigan","Representative","8","GOP","Paul Junge","JUNGE","8","MI"
"766","766","Lisa McClain","Michigan","Representative","9","GOP","Lisa McClain","MCCLAIN","9","MI"
"767","767","John James","Michigan","Representative","10","GOP","John James","JAMES","10","MI"
"768","768","Mark Ambrose","Michigan","Representative","11","GOP","Mark Ambrose","AMBROSE","11","MI"
"769","769","Steven Elliott","Michigan","Representative","12","GOP","Steven Elliott","ELLIOTT","12","MI"
"770","770","Martell D. Bivings","Michigan","Representative","13","GOP","Martell D. Bivings","BIVINGS","13","MI"
"771","771","Eric Schmitt","Missouri","Senator","N/A","GOP","Eric Schmitt","SCHMITT","0","MO"
"772","772","Andrew Jones","Missouri","Representative","1","GOP","Andrew Jones","JONES","1","MO"
"773","773","Ann Wagner","Missouri","Representative","2","GOP","Ann Wagner","WAGNER","2","MO"
"774","774","Blaine Luetkemeyer","Missouri","Representative","3","GOP","Blaine Luetkemeyer","LUETKEMEYER","3","MO"
"775","775","Mark Alford","Missouri","Representative","4","GOP","Mark Alford","ALFORD","4","MO"
"776","776","Jacob Turk","Missouri","Representative","5","GOP","Jacob Turk","TURK","5","MO"
"777","777","Sam Graves","Missouri","Representative","6","GOP","Sam Graves","GRAVES","6","MO"
"778","778","Eric Burlison","Missouri","Representative","7","GOP","Eric Burlison","BURLISON","7","MO"
"779","779","Jason Smith","Missouri","Representative","8","GOP","Jason Smith","SMITH","8","MO"
"780","780","Tiffany Smiley","Washington","Senator","N/A","GOP","Tiffany Smiley","SMILEY","0","WA"
"781","781","Vincent J. Cavaleri","Washington","Representative","1","GOP","Vincent J. Cavaleri","CAVALERI","1","WA"
"782","782","Dan Matthews","Washington","Representative","2","GOP","Dan Matthews","MATTHEWS","2","WA"
"783","783","Joe Kent","Washington","Representative","3","GOP","Joe Kent","KENT","3","WA"
"784","784","Dan Newhouse","Washington","Representative","4","GOP","Dan Newhouse","NEWHOUSE","4","WA"
"785","785","Cathy McMorris Rodgers","Washington","Representative","5","GOP","Cathy McMorris Rodgers","RODGERS","5","WA"
"786","786","Elizabeth Kreiselmaier","Washington","Representative","6","GOP","Elizabeth Kreiselmaier","KREISELMAIER","6","WA"
"787","787","Cliff Moon","Washington","Representative","7","GOP","Cliff Moon","MOON","7","WA"
"788","788","Matt Larkin","Washington","Representative","8","GOP","Matt Larkin","LARKIN","8","WA"
"789","789","Doug Basler","Washington","Representative","9","GOP","Doug Basler","BASLER","9","WA"
"790","790","Keith R. Swank","Washington","Representative","10","GOP","Keith R. Swank","SWANK","10","WA"
"791","791","Diana Lynn Harshbarger","Tennessee","Representative","1","GOP","Diana Lynn Harshbarger","HARSHBARGER","1","TN"
"792","792","Tim Burchett","Tennessee","Representative","2","GOP","Tim Burchett","BURCHETT","2","TN"
"793","793","Chuck Fleischmann","Tennessee","Representative","3","GOP","Chuck Fleischmann","FLEISCHMANN","3","TN"
"794","794","Scott DesJarlais","Tennessee","Representative","4","GOP","Scott DesJarlais","DESJARLAIS","4","TN"
"795","795","Andy Ogles","Tennessee","Representative","5","GOP","Andy Ogles","OGLES","5","TN"
"796","796","John Rose","Tennessee","Representative","6","GOP","John Rose","ROSE","6","TN"
"797","797","Mark E. Green","Tennessee","Representative","7","GOP","Mark E. Green","GREEN","7","TN"
"798","798","David Kustoff","Tennessee","Representative","8","GOP","David Kustoff","KUSTOFF","8","TN"
"799","799","Charlotte Bergmann","Tennessee","Representative","9","GOP","Charlotte Bergmann","BERGMANN","9","TN"
"800","800","Leora R. Levy","Connecticut","Senator","N/A","GOP","Leora R. Levy","LEVY","0","CT"
"801","801","Larry Lazor","Connecticut","Representative","1","GOP","Larry Lazor","LAZOR","1","CT"
"802","802","Mike France","Connecticut","Representative","2","GOP","Mike France","FRANCE","2","CT"
"803","803","Lesley DeNardis","Connecticut","Representative","3","GOP","Lesley DeNardis","DENARDIS","3","CT"
"804","804","Jayme Stevenson","Connecticut","Representative","4","GOP","Jayme Stevenson","STEVENSON","4","CT"
"805","805","George Logan","Connecticut","Representative","5","GOP","George Logan","LOGAN","5","CT"
"806","806","Brad Finstad","Minnesota","Representative","1","GOP","Brad Finstad","FINSTAD","1","MN"
"807","807","Tyler Kistner","Minnesota","Representative","2","GOP","Tyler Kistner","KISTNER","2","MN"
"808","808","Tom Weiler","Minnesota","Representative","3","GOP","Tom Weiler","WEILER","3","MN"
"809","809","May Lor Xiong","Minnesota","Representative","4","GOP","May Lor Xiong","XIONG","4","MN"
"810","810","Cicely Davis","Minnesota","Representative","5","GOP","Cicely Davis","DAVIS","5","MN"
"811","811","Tom Emmer","Minnesota","Representative","6","GOP","Tom Emmer","EMMER","6","MN"
"812","812","Michelle Fischbach","Minnesota","Representative","7","GOP","Michelle Fischbach","FISCHBACH","7","MN"
"813","813","Pete Stauber","Minnesota","Representative","8","GOP","Pete Stauber","STAUBER","8","MN"
"814","814","Gerald Malloy","Vermont","Senator","N/A","GOP","Gerald Malloy","MALLOY","0","VT"
"815","815","Liam Madden","Vermont","Representative","At-Large","GOP","Liam Madden","MADDEN","0","VT"
"816","816","Ron Johnson","Wisconsin","Senator","N/A","GOP","Ron Johnson","JOHNSON","0","WI"
"817","817","Bryan Steil","Wisconsin","Representative","1","GOP","Bryan Steil","STEIL","1","WI"
"818","818","Erik Olsen","Wisconsin","Representative","2","GOP","Erik Olsen","OLSEN","2","WI"
"819","819","Derrick Van Orden","Wisconsin","Representative","3","GOP","Derrick Van Orden","ORDEN","3","WI"
"820","820","Tim Rogers","Wisconsin","Representative","4","GOP","Tim Rogers","ROGERS","4","WI"
"821","821","Scott Fitzgerald","Wisconsin","Representative","5","GOP","Scott Fitzgerald","FITZGERALD","5","WI"
"822","822","Glenn Grothman","Wisconsin","Representative","6","GOP","Glenn Grothman","GROTHMAN","6","WI"
"823","823","Tom Tiffany","Wisconsin","Representative","7","GOP","Tom Tiffany","TIFFANY","7","WI"
"824","824","Mike Gallagher","Wisconsin","Representative","8","GOP","Mike Gallagher","GALLAGHER","8","WI"
"825","825","Bob McDermott","Hawaii","Senator","N/A","GOP","Bob McDermott","MCDERMOTT","0","HI"
"826","826","Conrad Kress","Hawaii","Representative","1","GOP","Conrad Kress","KRESS","1","HI"
"827","827","Joe Akana","Hawaii","Representative","2","GOP","Joe Akana","AKANA","2","HI"
"828","828","Buzz A. Kelley","Alaska","Senator","N/A","GOP","Buzz A. Kelley","KELLEY","0","AK"
"829","829","Lisa Murkowski","Alaska","Senator","N/A","GOP","Lisa Murkowski","MURKOWSKI","0","AK"
"830","830","Kelly C. Tshibaka","Alaska","Senator","N/A","GOP","Kelly C. Tshibaka","TSHIBAKA","0","AK"
"831","831","Nick Begich","Alaska","Representative","At-Large","GOP","Nick Begich","BEGICH","0","AK"
"832","832","Sarah Palin","Alaska","Representative","At-Large","GOP","Sarah Palin","PALIN","0","AK"
"833","833","Harriet Hageman","Wyoming","Representative","At-Large","GOP","Harriet Hageman","HAGEMAN","0","WY"
"834","834","Marco Rubio","Florida","Senator","N/A","GOP","Marco Rubio","RUBIO","0","FL"
"835","835","Matt Gaetz","Florida","Representative","1","GOP","Matt Gaetz","GAETZ","1","FL"
"836","836","Neal Dunn","Florida","Representative","2","GOP","Neal Dunn","DUNN","2","FL"
"837","837","Kat Cammack","Florida","Representative","3","GOP","Kat Cammack","CAMMACK","3","FL"
"838","838","Aaron Bean","Florida","Representative","4","GOP","Aaron Bean","BEAN","4","FL"
"839","839","John H. Rutherford","Florida","Representative","5","GOP","John H. Rutherford","RUTHERFORD","5","FL"
"840","840","Michael Waltz","Florida","Representative","6","GOP","Michael Waltz","WALTZ","6","FL"
"841","841","Cory Mills","Florida","Representative","7","GOP","Cory Mills","MILLS","7","FL"
"842","842","Bill Posey","Florida","Representative","8","GOP","Bill Posey","POSEY","8","FL"
"843","843","Scotty Moore","Florida","Representative","9","GOP","Scotty Moore","MOORE","9","FL"
"844","844","Calvin B. Wimbish","Florida","Representative","10","GOP","Calvin B. Wimbish","WIMBISH","10","FL"
"845","845","Daniel Webster","Florida","Representative","11","GOP","Daniel Webster","WEBSTER","11","FL"
"846","846","Gus Michael Bilirakis","Florida","Representative","12","GOP","Gus Michael Bilirakis","BILIRAKIS","12","FL"
"847","847","Anna Paulina Luna","Florida","Representative","13","GOP","Anna Paulina Luna","LUNA","13","FL"
"848","848","James Judge","Florida","Representative","14","GOP","James Judge","JUDGE","14","FL"
"849","849","Laurel Lee","Florida","Representative","15","GOP","Laurel Lee","LEE","15","FL"
"850","850","Vern Buchanan","Florida","Representative","16","GOP","Vern Buchanan","BUCHANAN","16","FL"
"851","851","Greg Steube","Florida","Representative","17","GOP","Greg Steube","STEUBE","17","FL"
"852","852","Scott Franklin","Florida","Representative","18","GOP","Scott Franklin","FRANKLIN","18","FL"
"853","853","Byron Donalds","Florida","Representative","19","GOP","Byron Donalds","DONALDS","19","FL"
"854","854","Drew Montez Clark","Florida","Representative","20","GOP","Drew Montez Clark","CLARK","20","FL"
"855","855","Brian Mast","Florida","Representative","21","GOP","Brian Mast","MAST","21","FL"
"856","856","Dan Franzese","Florida","Representative","22","GOP","Dan Franzese","FRANZESE","22","FL"
"857","857","Joe Budd","Florida","Representative","23","GOP","Joe Budd","BUDD","23","FL"
"858","858","Jesus G. Navarro","Florida","Representative","24","GOP","Jesus G. Navarro","NAVARRO","24","FL"
"859","859","Carla Spalding","Florida","Representative","25","GOP","Carla Spalding","SPALDING","25","FL"
"860","860","Mario Diaz-Balart","Florida","Representative","26","GOP","Mario Diaz-Balart","DIAZ-BALART","26","FL"
"861","861","María Elvira Salazar","Florida","Representative","27","GOP","María Elvira Salazar","SALAZAR","27","FL"
"862","862","Carlos A. Gimenez","Florida","Representative","28","GOP","Carlos A. Gimenez","GIMENEZ","28","FL"
"863","863","Nicholas J. LaLota","New York","Representative","1","GOP","Nicholas J. LaLota","LALOTA","1","NY"
"864","864","Andrew R. Garbarino","New York","Representative","2","GOP","Andrew R. Garbarino","GARBARINO","2","NY"
"865","865","George A.D. Santos","New York","Representative","3","GOP","George A.D. Santos","SANTOS","3","NY"
"866","866","Anthony P. D'Esposito","New York","Representative","4","GOP","Anthony P. D'Esposito","D'ESPOSITO","4","NY"
"867","867","Paul King","New York","Representative","5","GOP","Paul King","KING","5","NY"
"868","868","Thomas Zmich","New York","Representative","6","GOP","Thomas Zmich","ZMICH","6","NY"
"869","869","Juan Pagan","New York","Representative","7","GOP","Juan Pagan","PAGAN","7","NY"
"870","870","Yuri Dashevsky","New York","Representative","8","GOP","Yuri Dashevsky","DASHEVSKY","8","NY"
"871","871","Benine Hamdan","New York","Representative","10","GOP","Benine Hamdan","HAMDAN","10","NY"
"872","872","Nicole Malliotakis","New York","Representative","11","GOP","Nicole Malliotakis","MALLIOTAKIS","11","NY"
"873","873","Michael Zumbluskas","New York","Representative","12","GOP","Michael Zumbluskas","ZUMBLUSKAS","12","NY"
"874","874","Tina Forte","New York","Representative","14","GOP","Tina Forte","FORTE","14","NY"
"875","875","Stylo A. Sapaskis","New York","Representative","15","GOP","Stylo A. Sapaskis","SAPASKIS","15","NY"
"876","876","Miriam L. Flisser","New York","Representative","16","GOP","Miriam L. Flisser","FLISSER","16","NY"
"877","877","Michael V. Lawler","New York","Representative","17","GOP","Michael V. Lawler","LAWLER","17","NY"
"878","878","Colin J. Schmitt","New York","Representative","18","GOP","Colin J. Schmitt","SCHMITT","18","NY"
"879","879","Marcus Molinaro","New York","Representative","19","GOP","Marcus Molinaro","MOLINARO","19","NY"
"880","880","Elizabeth L. Joy","New York","Representative","20","GOP","Elizabeth L. Joy","JOY","20","NY"
"881","881","Elise M. Stefanik","New York","Representative","21","GOP","Elise M. Stefanik","STEFANIK","21","NY"
"882","882","Brandon M. Williams","New York","Representative","22","GOP","Brandon M. Williams","WILLIAMS","22","NY"
"883","883","Nick Langworthy","New York","Representative","23","GOP","Nick Langworthy","LANGWORTHY","23","NY"
"884","884","Claudia Tenney","New York","Representative","24","GOP","Claudia Tenney","TENNEY","24","NY"
"885","885","La'Ron D. Singletary","New York","Representative","25","GOP","La'Ron D. Singletary","SINGLETARY","25","NY"
"886","886","Steven L. Sams II","New York","Representative","26","GOP","Steven L. Sams II","II","26","NY"
"887","887","Dean James Martilli","Massachusetts","Representative","1","GOP","Dean James Martilli","MARTILLI","1","MA"
"888","888","Jeffrey A. Sossa-Paquette","Massachusetts","Representative","2","GOP","Jeffrey A. Sossa-Paquette","SOSSA-PAQUETTE","2","MA"
"889","889","Dean A. Tran","Massachusetts","Representative","3","GOP","Dean A. Tran","TRAN","3","MA"
"890","890","Caroline Colarusso","Massachusetts","Representative","5","GOP","Caroline Colarusso","COLARUSSO","5","MA"
"891","891","Bob May","Massachusetts","Representative","6","GOP","Bob May","MAY","6","MA"
"892","892","Donnie Dionicio Palmer","Massachusetts","Representative","7","GOP","Donnie Dionicio Palmer","PALMER","7","MA"
"893","893","Robert G. Burke","Massachusetts","Representative","8","GOP","Robert G. Burke","BURKE","8","MA"
"894","894","Jesse G. Brown","Massachusetts","Representative","9","GOP","Jesse G. Brown","BROWN","9","MA"
"895","895","Lee Murphy","Delaware","Representative","At-Large","GOP","Lee Murphy","MURPHY","0","DE"
"896","896","Donald C. Bolduc","New Hampshire","Senator","N/A","GOP","Donald C. Bolduc","BOLDUC","0","NH"
"897","897","Karoline Leavitt","New Hampshire","Representative","1","GOP","Karoline Leavitt","LEAVITT","1","NH"
"898","898","Robert Burns","New Hampshire","Representative","2","GOP","Robert Burns","BURNS","2","NH"
"899","899","Allen R. Waters","Rhode Island","Representative","1","GOP","Allen R. Waters","WATERS","1","RI"
"900","900","Allan W. Fung","Rhode Island","Representative","2","GOP","Allan W. Fung","FUNG","2","RI"
