State,Office,District,Candidate,Party,Winner?,Not Called?,Notes
Alabama,Representative,1,Jerry Carl,GOP,TRUE,,No Dem oppo
Alabama,Representative,2,Barry Moore,GOP,TRUE,,
Alabama,Representative,2,Phyllis Harvey-Hall,DEM,FALSE,,
Alabama,Representative,3,Lin Veasey,DEM,FALSE,,
Alabama,Representative,3,Mike Rogers,GOP,TRUE,,
Alabama,Representative,4,Rick Neighbors,DEM,FALSE,,
Alabama,Representative,4,Robert Aderholt,GOP,TRUE,,
Alabama,Representative,5,Dale Strong,GOP,TRUE,,
Alabama,Representative,5,Kathy Warner-Stanton,DEM,FALSE,,
Alabama,Representative,6,Gary Palmer,GOP,TRUE,,No Dem oppo
Alabama,Representative,7,Beatrice Nichols,GOP,FALSE,,
Alabama,Representative,7,Terrycina Sewell,DEM,TRUE,,
Alabama,Senator,N/A,Katie Britt,GOP,TRUE,,
Alabama,Senator,N/A,Will Boyd,DEM,FALSE,,
Alaska,Representative,At-Large,Mary S. Peltola,DEM,TRUE,,
Alaska,Representative,At-Large,Nick Begich,GOP,FALSE,,
Alaska,Representative,At-Large,Sarah Palin,GOP,FALSE,,
Alaska,Senator,N/A,Buzz A. Kelley,GOP,FALSE,,
Alaska,Senator,N/A,Kelly C. Tshibaka,GOP,FALSE,,
Alaska,Senator,N/A,Lisa Murkowski,GOP,TRUE,,
Alaska,Senator,N/A,Patricia R. Chesbro,DEM,FALSE,,
Arizona,Representative,1,David Schweikert,GOP,TRUE,,
Arizona,Representative,1,Jevin D. Hodge,DEM,FALSE,,
Arizona,Representative,2,Eli Crane,GOP,TRUE,,
Arizona,Representative,2,Tom O'Halleran,DEM,FALSE,,
Arizona,Representative,3,Jeff Zink,GOP,FALSE,,
Arizona,Representative,3,Ruben Gallego,DEM,TRUE,,
Arizona,Representative,4,Greg Stanton,DEM,TRUE,,
Arizona,Representative,4,Kelly Cooper,GOP,FALSE,,
Arizona,Representative,5,Andy Biggs,GOP,TRUE,,
Arizona,Representative,5,Javier Garcia Ramos,DEM,FALSE,,
Arizona,Representative,6,Juan Ciscomani,GOP,TRUE,,
Arizona,Representative,6,Kirsten Engel,DEM,FALSE,,
Arizona,Representative,7,Luis Pozzolo,GOP,FALSE,,
Arizona,Representative,7,Raúl Grijalva,DEM,TRUE,,
Arizona,Representative,8,Debbie Lesko,GOP,TRUE,,No oppo
Arizona,Representative,9,Paul Gosar,GOP,TRUE,,No oppo
Arizona,Senator,N/A,Blake Masters,GOP,FALSE,,
Arizona,Senator,N/A,Mark Kelly,DEM,TRUE,,
Arkansas,Representative,1,Monte Hodges,DEM,FALSE,,
Arkansas,Representative,1,Rick Crawford,GOP,TRUE,,
Arkansas,Representative,2,French Hill,GOP,TRUE,,
Arkansas,Representative,2,Quintessa Hathaway,DEM,FALSE,,
Arkansas,Representative,3,Lauren Mallett-Hays,DEM,FALSE,,
Arkansas,Representative,3,Steve Womack,GOP,TRUE,,
Arkansas,Representative,4,Bruce Westerman,GOP,TRUE,,
Arkansas,Representative,4,John White,DEM,FALSE,,
Arkansas,Senator,N/A,John Boozman,GOP,TRUE,,
Arkansas,Senator,N/A,Natalie James,DEM,FALSE,,
California,Representative,1,Doug LaMalfa,GOP,TRUE,,
California,Representative,1,Max Steiner,DEM,FALSE,,
California,Representative,2,Douglas Brower,GOP,FALSE,,
California,Representative,2,Jared Huffman,DEM,TRUE,,
California,Representative,3,Kermit Jones,DEM,FALSE,,
California,Representative,3,Kevin Kiley,GOP,TRUE,,
California,Representative,4,Matt Brock,GOP,FALSE,,
California,Representative,4,Mike Thompson,DEM,TRUE,,
California,Representative,5,"Michael J. ""Mike"" Barkley",DEM,FALSE,,
California,Representative,5,Tom McClintock,GOP,TRUE,,
California,Representative,6,Ami Bera,DEM,TRUE,,
California,Representative,6,Tamika Hamilton,GOP,FALSE,,
California,Representative,7,Doris Matsui,DEM,TRUE,,
California,Representative,7,Max Semenenko,GOP,FALSE,,
California,Representative,8,John Garamendi,DEM,TRUE,,
California,Representative,8,Rudy Recile,GOP,FALSE,,
California,Representative,9,Josh Harder,DEM,TRUE,,
California,Representative,9,Tom Patti,GOP,FALSE,,
California,Representative,10,Mark DeSaulnier,DEM,TRUE,,
California,Representative,11,John Dennis,GOP,FALSE,,
California,Representative,11,Nancy Pelosi,DEM,TRUE,,
California,Representative,12,Barbara Lee,DEM,TRUE,,
California,Representative,12,Stephen Slauson,GOP,FALSE,,
California,Representative,13,Adam Gray,DEM,FALSE,,
California,Representative,13,John Duarte,GOP,TRUE,,
California,Representative,14,Alison Hayden,GOP,FALSE,,
California,Representative,14,Eric Swalwell,DEM,TRUE,,
California,Representative,15,David J. Canepa,DEM,TRUE,,
California,Representative,15,Kevin Mullin,DEM,FALSE,,
California,Representative,16,Anna G. Eshoo,DEM,TRUE,,
California,Representative,16,Rishi Kumar,DEM,FALSE,,
California,Representative,17,Ritesh Tandon,GOP,FALSE,,
California,Representative,17,Ro Khanna,DEM,TRUE,,
California,Representative,18,Peter Hernandez,GOP,FALSE,,
California,Representative,18,Zoe Lofgren,DEM,TRUE,,
California,Representative,19,Jeff Gorman,GOP,FALSE,,
California,Representative,19,Jimmy Panetta,DEM,TRUE,,
California,Representative,20,Kevin McCarthy,GOP,TRUE,,
California,Representative,20,Marisa Wood,DEM,FALSE,,
California,Representative,21,Jim Costa,DEM,TRUE,,
California,Representative,21,Michael Maher,GOP,FALSE,,
California,Representative,22,David G. Valadao,GOP,TRUE,,
California,Representative,22,Rudy Salas,DEM,FALSE,,
California,Representative,23,Derek Marshall,DEM,FALSE,,
California,Representative,23,Jay Obernolte,GOP,TRUE,,
California,Representative,24,Brad Allen,GOP,FALSE,,
California,Representative,24,Salud Carbajal,DEM,TRUE,,
California,Representative,25,Brian E. Hawkins,GOP,FALSE,,
California,Representative,25,Raul Ruiz,DEM,TRUE,,
California,Representative,26,Julia Brownley,DEM,TRUE,,
California,Representative,26,Matt Jacobs,GOP,FALSE,,
California,Representative,27,Christy Smith,DEM,FALSE,,
California,Representative,27,Mike Garcia,GOP,TRUE,,
California,Representative,28,Judy Chu,DEM,TRUE,,
California,Representative,28,Wes Hallman,GOP,FALSE,,
California,Representative,29,Angélica María Dueñas,DEM,FALSE,,
California,Representative,29,Tony Cardenas,DEM,TRUE,,
California,Representative,30,Adam B. Schiff,DEM,TRUE,,
California,Representative,30,"G ""Maebe A. Girl"" Pudlo",DEM,FALSE,,
California,Representative,31,Daniel Bocic Martinez,GOP,FALSE,,
California,Representative,31,Grace F. Napolitano,DEM,TRUE,,
California,Representative,32,Brad Sherman,DEM,TRUE,,
California,Representative,32,Lucie Lapointe Volotzky,GOP,FALSE,,
California,Representative,33,John Mark Porter,GOP,FALSE,,
California,Representative,33,Pete Aguilar,DEM,TRUE,,
California,Representative,34,David Kim,DEM,FALSE,,
California,Representative,34,Jimmy Gomez,DEM,TRUE,,
California,Representative,35,Mike Cargile,GOP,FALSE,,
California,Representative,35,Norma J. Torres,DEM,TRUE,,
California,Representative,36,Joe E. Collins III,GOP,FALSE,,
California,Representative,36,Ted W. Lieu,DEM,TRUE,,
California,Representative,37,Jan C. Perry,DEM,TRUE,,
California,Representative,37,Sydney Kamlager,DEM,FALSE,,
California,Representative,38,Eric J. Ching,GOP,FALSE,,
California,Representative,38,Linda T. Sánchez,DEM,TRUE,,
California,Representative,39,Aja Smith,GOP,FALSE,,
California,Representative,39,Mark Takano,DEM,TRUE,,
California,Representative,40,Asif Mahmood,DEM,FALSE,,
California,Representative,40,Young Kim,GOP,TRUE,,
California,Representative,41,Ken Calvert,GOP,TRUE,,
California,Representative,41,Will Rollins,DEM,FALSE,,
California,Representative,42,John Briscoe,GOP,FALSE,,
California,Representative,42,Robert Garcia,DEM,TRUE,,
California,Representative,43,Maxine Waters,DEM,TRUE,,
California,Representative,43,Omar Navarro,GOP,FALSE,,
California,Representative,44,Nanette Diaz Barragan,DEM,TRUE,,
California,Representative,44,Paul Jones,GOP,FALSE,,
California,Representative,45,Jay F. Chen,DEM,FALSE,,
California,Representative,45,Michelle Steel,GOP,TRUE,,
California,Representative,46,Christopher J. Gonzales,GOP,FALSE,,
California,Representative,46,Lou Correa,DEM,TRUE,,
California,Representative,47,Katie Porter,DEM,TRUE,,
California,Representative,47,Scott Baugh,GOP,FALSE,,
California,Representative,48,Darrell Issa,GOP,TRUE,,
California,Representative,48,Stephen Houlahan,DEM,FALSE,,
California,Representative,49,Brian Maryott,GOP,FALSE,,
California,Representative,49,Mike Levin,DEM,TRUE,,
California,Representative,50,Corey Gustafson,GOP,FALSE,,
California,Representative,50,Scott Peters,DEM,TRUE,,
California,Representative,51,Sara Jacobs,DEM,TRUE,,
California,Representative,51,Stan Caplan,GOP,FALSE,,
California,Representative,52,Juan Vargas,DEM,TRUE,,
California,Representative,52,Tyler Geffeney,GOP,FALSE,,
California,Senator,N/A,Alex Padilla,DEM,TRUE,,
California,Senator,N/A,Mark P. Meuser,GOP,FALSE,,
California,Senator (unexpired term),N/A,Alex Padilla,DEM,FALSE,,
California,Senator (unexpired term),N/A,Mark P. Meuser,GOP,FALSE,,
Colorado,Representative,1,Diana DeGette,DEM,TRUE,,
Colorado,Representative,1,Jennifer Qualteri,GOP,FALSE,,
Colorado,Representative,2,Joe Neguse,DEM,TRUE,,
Colorado,Representative,2,Marshall Dawson,GOP,FALSE,,
Colorado,Representative,3,Adam Frisch,DEM,FALSE,,
Colorado,Representative,3,Lauren Boebert,GOP,TRUE,,By 600 votes :(
Colorado,Representative,4,Ike McCorkle,DEM,FALSE,,
Colorado,Representative,4,Ken Buck,GOP,TRUE,,
Colorado,Representative,5,David Torres,DEM,FALSE,,
Colorado,Representative,5,Doug Lamborn,GOP,TRUE,,
Colorado,Representative,6,Jason Crow,DEM,TRUE,,
Colorado,Representative,6,Steven Monahan,GOP,FALSE,,
Colorado,Representative,7,Brittany Pettersen,DEM,TRUE,,
Colorado,Representative,7,Erik Aadland,GOP,FALSE,,
Colorado,Representative,8,Barbara Kirkmeyer,GOP,FALSE,,
Colorado,Representative,8,Yadira Caraveo,DEM,TRUE,,
Colorado,Senator,N/A,Joe O'Dea,GOP,FALSE,,
Colorado,Senator,N/A,Michael Bennet,DEM,TRUE,,
Connecticut,Representative,1,John B. Larson,DEM,TRUE,,
Connecticut,Representative,1,Larry Lazor,GOP,FALSE,,
Connecticut,Representative,2,Joe Courtney,DEM,TRUE,,
Connecticut,Representative,2,Mike France,GOP,FALSE,,
Connecticut,Representative,3,Lesley DeNardis,GOP,FALSE,,
Connecticut,Representative,3,Rosa L. DeLauro,DEM,TRUE,,
Connecticut,Representative,4,Jayme Stevenson,GOP,FALSE,,
Connecticut,Representative,4,Jim Himes,DEM,TRUE,,
Connecticut,Representative,5,George Logan,GOP,FALSE,,
Connecticut,Representative,5,Jahana Hayes,DEM,TRUE,,
Connecticut,Senator,N/A,Leora R. Levy,GOP,FALSE,,
Connecticut,Senator,N/A,Richard Blumenthal,DEM,TRUE,,
Delaware,Representative,At-Large,Lee Murphy,GOP,FALSE,,
Delaware,Representative,At-Large,Lisa Blunt Rochester,DEM,TRUE,,
Florida,Representative,1,Matt Gaetz,GOP,TRUE,,
Florida,Representative,1,Rebekah Jones,DEM,FALSE,,
Florida,Representative,2,Al Lawson,DEM,FALSE,,
Florida,Representative,2,Neal Dunn,GOP,TRUE,,
Florida,Representative,3,Danielle Hawk,DEM,FALSE,,
Florida,Representative,3,Kat Cammack,GOP,TRUE,,
Florida,Representative,4,Aaron Bean,GOP,TRUE,,
Florida,Representative,4,"LaShonda ""L.J."" Holloway",DEM,FALSE,,
Florida,Representative,5,John H. Rutherford,GOP,TRUE,,No oppo
Florida,Representative,6,Michael Waltz,GOP,TRUE,,No Dem oppo
Florida,Representative,7,Cory Mills,GOP,TRUE,,
Florida,Representative,7,Karen Green,DEM,FALSE,,
Florida,Representative,8,Bill Posey,GOP,TRUE,,
Florida,Representative,8,Joanne Terry,DEM,FALSE,,
Florida,Representative,9,Darren Soto,DEM,TRUE,,
Florida,Representative,9,Scotty Moore,GOP,FALSE,,
Florida,Representative,10,Calvin B. Wimbish,GOP,FALSE,,
Florida,Representative,10,Maxwell Alejandro Frost,DEM,TRUE,,
Florida,Representative,11,Daniel Webster,GOP,TRUE,,
Florida,Representative,11,Shante Munns,DEM,FALSE,,
Florida,Representative,12,Gus Michael Bilirakis,GOP,TRUE,,
Florida,Representative,12,Kimberly Walker,DEM,FALSE,,
Florida,Representative,13,Anna Paulina Luna,GOP,TRUE,,
Florida,Representative,13,Eric Lynn,DEM,FALSE,,
Florida,Representative,14,James Judge,GOP,FALSE,,
Florida,Representative,14,Kathy Castor,DEM,TRUE,,
Florida,Representative,15,Alan M. Cohn,DEM,FALSE,,
Florida,Representative,15,Laurel Lee,GOP,TRUE,,
Florida,Representative,16,Jan Schneider,DEM,FALSE,,
Florida,Representative,16,Vern Buchanan,GOP,TRUE,,
Florida,Representative,17,Andrea Doria Kale,DEM,FALSE,,
Florida,Representative,17,Greg Steube,GOP,TRUE,,
Florida,Representative,18,Scott Franklin,GOP,TRUE,,
Florida,Representative,19,Byron Donalds,GOP,TRUE,,No Dem oppo
Florida,Representative,19,Cindy Banyai,DEM,FALSE,,
Florida,Representative,20,Drew Montez Clark,GOP,FALSE,,
Florida,Representative,20,Sheila Cherfilus-McCormick,DEM,TRUE,,
Florida,Representative,21,Brian Mast,GOP,TRUE,,
Florida,Representative,21,Corinna Balderramos Robinson,DEM,FALSE,,
Florida,Representative,22,Dan Franzese,GOP,FALSE,,
Florida,Representative,22,Lois Frankel,DEM,TRUE,,
Florida,Representative,23,Jared Moskowitz,DEM,TRUE,,
Florida,Representative,23,Joe Budd,GOP,FALSE,,
Florida,Representative,24,Frederica Wilson,DEM,TRUE,,
Florida,Representative,24,Jesus G. Navarro,GOP,FALSE,,
Florida,Representative,25,Carla Spalding,GOP,FALSE,,
Florida,Representative,25,Debbie Wasserman Schultz,DEM,TRUE,,
Florida,Representative,26,Christine Alexandria Olivo,DEM,FALSE,,
Florida,Representative,26,Mario Diaz-Balart,GOP,TRUE,,
Florida,Representative,27,Annette Taddeo,DEM,FALSE,,
Florida,Representative,27,María Elvira Salazar,GOP,TRUE,,
Florida,Representative,28,Carlos A. Gimenez,GOP,TRUE,,
Florida,Representative,28,Robert Asencio,DEM,FALSE,,
Florida,Senator,N/A,Marco Rubio,GOP,TRUE,,
Florida,Senator,N/A,Val Demings,DEM,FALSE,,
Georgia,Representative,1,"Earl L. ""Buddy"" Carter",GOP,TRUE,,
Georgia,Representative,1,Wade Herring,DEM,FALSE,,
Georgia,Representative,2,Chris West,GOP,FALSE,,
Georgia,Representative,2,Sanford Bishop,DEM,TRUE,,
Georgia,Representative,3,Drew Ferguson,GOP,TRUE,,
Georgia,Representative,3,Val Almonord,DEM,FALSE,,
Georgia,Representative,4,"Henry C. ""Hank"" Johnson Jr.",DEM,TRUE,,
Georgia,Representative,4,Jonathan Chavez,GOP,FALSE,,
Georgia,Representative,5,Christian Zimm,GOP,FALSE,,
Georgia,Representative,5,Nikema Williams,DEM,TRUE,,
Georgia,Representative,6,Bob Christian,DEM,FALSE,,
Georgia,Representative,6,Rich McCormick,GOP,TRUE,,
Georgia,Representative,7,Lucy McBath,DEM,TRUE,,
Georgia,Representative,7,Mark Gonsalves,GOP,FALSE,,
Georgia,Representative,8,Austin Scott,GOP,TRUE,,
Georgia,Representative,8,Darrius Butler,DEM,FALSE,,
Georgia,Representative,9,Andrew Clyde,GOP,TRUE,,
Georgia,Representative,9,"Michael ""Mike"" Ford",DEM,FALSE,,
Georgia,Representative,10,Mike Collins,GOP,TRUE,,
Georgia,Representative,10,Tabitha Johnson-Green,DEM,FALSE,,
Georgia,Representative,11,Antonio Daza,DEM,FALSE,,
Georgia,Representative,11,Barry Loudermilk,GOP,TRUE,,
Georgia,Representative,12,"Elizabeth ""Liz"" Johnson",DEM,FALSE,,
Georgia,Representative,12,Rick W. Allen,GOP,TRUE,,
Georgia,Representative,13,Caesar Gonzales,GOP,FALSE,,
Georgia,Representative,13,David Scott,DEM,TRUE,,
Georgia,Representative,14,Marcus Flowers,DEM,FALSE,,
Georgia,Representative,14,Marjorie Taylor Greene,GOP,TRUE,,
Georgia,Senator,N/A,Herschel Junior Walker,GOP,FALSE,,
Georgia,Senator,N/A,Raphael Warnock,DEM,TRUE,,
Hawaii,Representative,1,Conrad Kress,GOP,FALSE,,
Hawaii,Representative,1,Ed Case,DEM,TRUE,,
Hawaii,Representative,2,Jill N. Tokuda,DEM,TRUE,,
Hawaii,Representative,2,Joe Akana,GOP,FALSE,,
Hawaii,Senator,N/A,Bob McDermott,GOP,FALSE,,
Hawaii,Senator,N/A,Brian Schatz,DEM,TRUE,,
Idaho,Representative,1,Kaylee Peterson,DEM,FALSE,,
Idaho,Representative,1,Russ Fulcher,GOP,TRUE,,
Idaho,Representative,2,Mike Simpson,GOP,TRUE,,
Idaho,Representative,2,Wendy Norman,DEM,FALSE,,
Idaho,Senator,N/A,David Roth,DEM,FALSE,,
Idaho,Senator,N/A,Mike Crapo,GOP,TRUE,,
Illinois,Representative,1,Eric Carlson,GOP,FALSE,,
Illinois,Representative,1,Jonathan L. Jackson,DEM,TRUE,,
Illinois,Representative,2,Robin Kelly,DEM,TRUE,,
Illinois,Representative,2,Thomas Lynch,GOP,FALSE,,
Illinois,Representative,3,Delia Ramirez,DEM,TRUE,,
Illinois,Representative,3,Justin Burau,GOP,FALSE,,
Illinois,Representative,4,James Falakos,GOP,FALSE,,
Illinois,Representative,4,"Jesus ""Chuy"" Garcia",DEM,TRUE,,
Illinois,Representative,5,Mike Quigley,DEM,TRUE,,
Illinois,Representative,5,Tommy Hanson,GOP,FALSE,,
Illinois,Representative,6,Keith Pekau,GOP,FALSE,,
Illinois,Representative,6,Sean Casten,DEM,TRUE,,
Illinois,Representative,7,Danny K. Davis,DEM,TRUE,,No oppo
Illinois,Representative,8,Chris Dargis,GOP,FALSE,,
Illinois,Representative,8,Raja Krishnamoorthi,DEM,TRUE,,
Illinois,Representative,9,Janice D. Schakowsky,DEM,TRUE,,
Illinois,Representative,9,"Maxwell ""Max"" Rice",GOP,FALSE,,
Illinois,Representative,10,Brad Schneider,DEM,TRUE,,
Illinois,Representative,10,Joseph Severino,GOP,FALSE,,
Illinois,Representative,11,Bill Foster,DEM,TRUE,,
Illinois,Representative,11,Catalina Lauf,GOP,FALSE,,
Illinois,Representative,12,"Homer ""Chip"" Markel",DEM,FALSE,,
Illinois,Representative,12,Mike Bost,GOP,TRUE,,
Illinois,Representative,13,Nikki Budzinski,DEM,TRUE,,
Illinois,Representative,13,Regan Deering,GOP,FALSE,,
Illinois,Representative,14,Lauren Underwood,DEM,TRUE,,
Illinois,Representative,14,Scott R. Gryder,GOP,FALSE,,
Illinois,Representative,15,Mary Miller,GOP,TRUE,,
Illinois,Representative,15,Paul J. Lange,DEM,FALSE,,
Illinois,Representative,16,Darin LaHood,GOP,TRUE,,"Missing Dem opponent ""Lisa Halderlein"""
Illinois,Representative,17,Eric Sorensen,DEM,TRUE,,
Illinois,Representative,17,Esther Joy King,GOP,FALSE,,
Illinois,Senator,N/A,Kathy Salvi,GOP,FALSE,,
Illinois,Senator,N/A,Tammy Duckworth,DEM,TRUE,,
Indiana,Representative,1,Frank J. Mrvan,DEM,TRUE,,
Indiana,Representative,1,Jennifer-Ruth Green,GOP,FALSE,,
Indiana,Representative,2,Jackie Walorski,GOP,TRUE,,Jackie Walorski died - replaced by (R) Rudy Yakym who won
Indiana,Representative,2,Paul D. Steury,DEM,FALSE,,
Indiana,Representative,3,Gary L. Snyder,DEM,FALSE,,
Indiana,Representative,3,Jim Banks,GOP,TRUE,,
Indiana,Representative,4,Jim Baird,GOP,TRUE,,
Indiana,Representative,4,Roger D. Day,DEM,FALSE,,
Indiana,Representative,5,Jeannine Lee Lake,DEM,FALSE,,
Indiana,Representative,5,Victoria Spartz,GOP,TRUE,,
Indiana,Representative,6,"Cynthia ""Cinde"" Wirth",DEM,FALSE,,
Indiana,Representative,6,Greg Pence,GOP,TRUE,,
Indiana,Representative,7,André D. Carson,DEM,TRUE,,
Indiana,Representative,7,Angela Grabovsky,GOP,FALSE,,
Indiana,Representative,8,Larry D. Bucshon,GOP,TRUE,,
Indiana,Representative,8,Ray McCormick,DEM,FALSE,,
Indiana,Representative,9,Erin Houchin,GOP,TRUE,,
Indiana,Representative,9,Matthew Fyfe,DEM,FALSE,,
Indiana,Senator,N/A,Thomas M. McDermott Jr.,DEM,FALSE,,
Indiana,Senator,N/A,Todd Young,GOP,TRUE,,
Iowa,Representative,1,Christina Bohannan,DEM,FALSE,,
Iowa,Representative,1,Mariannette Miller-Meeks,GOP,TRUE,,
Iowa,Representative,2,Ashley Hinson,GOP,TRUE,,
Iowa,Representative,2,Liz Mathis,DEM,FALSE,,
Iowa,Representative,3,Cindy Axne,DEM,FALSE,,
Iowa,Representative,3,Zach Nunn,GOP,TRUE,,
Iowa,Representative,4,Randy Feenstra,GOP,TRUE,,
Iowa,Representative,4,Ryan Melton,DEM,FALSE,,
Iowa,Senator,N/A,Chuck Grassley,GOP,TRUE,,
Iowa,Senator,N/A,Michael Franken,DEM,FALSE,,
Kansas,Representative,1,"James ""Jimmy"" Beard",DEM,FALSE,,
Kansas,Representative,1,Tracey Mann,GOP,TRUE,,
Kansas,Representative,2,Jake LaTurner,GOP,TRUE,,
Kansas,Representative,2,Patrick Schmidt,DEM,FALSE,,
Kansas,Representative,3,Amanda L. Adkins,GOP,FALSE,,
Kansas,Representative,3,Sharice Davids,DEM,TRUE,,
Kansas,Representative,4,Bob Hernandez,DEM,FALSE,,
Kansas,Representative,4,Ron Estes,GOP,TRUE,,
Kansas,Senator,N/A,Jerry Moran,GOP,TRUE,,
Kansas,Senator,N/A,Mark R. Holland,DEM,FALSE,,
Kentucky,Representative,1,James R. Comer,GOP,TRUE,,
Kentucky,Representative,1,Jimmy C. Ausbrooks,DEM,FALSE,,
Kentucky,Representative,2,Hank Linderman,DEM,FALSE,,
Kentucky,Representative,2,S. Brett Guthrie,GOP,TRUE,,
Kentucky,Representative,3,Morgan McGarvey,DEM,TRUE,,
Kentucky,Representative,3,Stuart N. Ray,GOP,FALSE,,
Kentucky,Representative,4,Matthew Lehman,DEM,FALSE,,
Kentucky,Representative,4,Thomas Massie,GOP,TRUE,,
Kentucky,Representative,5,Conor Halbleib,DEM,FALSE,,
Kentucky,Representative,5,"Harold ""Hal"" Rogers",GOP,TRUE,,
Kentucky,Representative,6,Andy Barr,GOP,TRUE,,
Kentucky,Representative,6,"Geoffrey M. ""Geoff"" Young",DEM,FALSE,,
Kentucky,Senator,N/A,Charles Booker,DEM,FALSE,,
Kentucky,Senator,N/A,Rand Paul,GOP,TRUE,,
Maine,Representative,1,Chellie Pingree,DEM,TRUE,,
Maine,Representative,1,Edwin Thelander,GOP,FALSE,,
Maine,Representative,2,Bruce Poliquin,GOP,FALSE,,
Maine,Representative,2,Jared Golden,DEM,TRUE,,
Maryland,Representative,1,Andy Harris,GOP,TRUE,,
Maryland,Representative,1,Heather R. Mizeur,DEM,FALSE,,
Maryland,Representative,2,C.A. Dutch Ruppersberger,DEM,TRUE,,Check match - unique name
Maryland,Representative,2,Nicolee Ambrose,GOP,FALSE,,
Maryland,Representative,3,John Sarbanes,DEM,TRUE,,
Maryland,Representative,3,Yuripzy Morgan,GOP,FALSE,,
Maryland,Representative,4,Glenn F. Ivey,DEM,TRUE,,
Maryland,Representative,4,Jeff Warner,GOP,FALSE,,
Maryland,Representative,5,Chris Palombi,GOP,FALSE,,
Maryland,Representative,5,Steny Hoyer,DEM,TRUE,,
Maryland,Representative,6,David J. Trone,DEM,TRUE,,
Maryland,Representative,6,Neil C. Parrott,GOP,FALSE,,
Maryland,Representative,7,Kweisi Mfume,DEM,TRUE,,
Maryland,Representative,7,Scott M. Collier,GOP,FALSE,,
Maryland,Representative,8,Gregory Thomas Coll,GOP,FALSE,,
Maryland,Representative,8,Jamie Raskin,DEM,TRUE,,
Maryland,Senator,N/A,Chris Chaffee,GOP,FALSE,,
Maryland,Senator,N/A,Chris Van Hollen,DEM,TRUE,,
Massachusetts,Representative,1,Dean James Martilli,GOP,FALSE,,
Massachusetts,Representative,1,Richard E. Neal,DEM,TRUE,,
Massachusetts,Representative,2,James P. McGovern,DEM,TRUE,,
Massachusetts,Representative,2,Jeffrey A. Sossa-Paquette,GOP,FALSE,,
Massachusetts,Representative,3,Dean A. Tran,GOP,FALSE,,
Massachusetts,Representative,3,Lori Loureiro Trahan,DEM,TRUE,,
Massachusetts,Representative,4,Jake Auchincloss,DEM,TRUE,,
Massachusetts,Representative,5,Caroline Colarusso,GOP,FALSE,,
Massachusetts,Representative,5,Katherine M. Clark,DEM,TRUE,,
Massachusetts,Representative,6,Bob May,GOP,FALSE,,
Massachusetts,Representative,6,Seth Moulton,DEM,TRUE,,
Massachusetts,Representative,7,Ayanna S. Pressley,DEM,TRUE,,
Massachusetts,Representative,7,Donnie Dionicio Palmer,GOP,FALSE,,
Massachusetts,Representative,8,Robert G. Burke,GOP,FALSE,,
Massachusetts,Representative,8,Stephen F. Lynch,DEM,TRUE,,
Massachusetts,Representative,9,Bill Keating,DEM,TRUE,,
Massachusetts,Representative,9,Jesse G. Brown,GOP,FALSE,,
Michigan,Representative,1,Bob Lorinser,DEM,FALSE,,
Michigan,Representative,1,Jack Bergman,GOP,TRUE,,
Michigan,Representative,2,Jerry Hilliard,DEM,FALSE,,
Michigan,Representative,2,John Moolenaar,GOP,TRUE,,
Michigan,Representative,3,Hillary Scholten,DEM,TRUE,,
Michigan,Representative,3,John Gibbs,GOP,FALSE,,
Michigan,Representative,4,Bill Huizenga,GOP,TRUE,,Opponent missing - (D) Joseph Alfonso
Michigan,Representative,5,Bart Goldberg,DEM,FALSE,,
Michigan,Representative,5,Tim Walberg,GOP,TRUE,,
Michigan,Representative,6,Debbie Dingell,DEM,TRUE,,
Michigan,Representative,6,Whittney Williams,GOP,FALSE,,
Michigan,Representative,7,Elissa Slotkin,DEM,TRUE,,
Michigan,Representative,7,Tom Barrett,GOP,FALSE,,
Michigan,Representative,8,Daniel T. Kildee,DEM,TRUE,,
Michigan,Representative,8,Paul Junge,GOP,FALSE,,
Michigan,Representative,9,Brian Jaye,DEM,FALSE,,
Michigan,Representative,9,Lisa McClain,GOP,TRUE,,
Michigan,Representative,10,Carl J. Marlinga,DEM,FALSE,,
Michigan,Representative,10,John James,GOP,TRUE,,
Michigan,Representative,11,Haley Stevens,DEM,TRUE,,
Michigan,Representative,11,Mark Ambrose,GOP,FALSE,,
Michigan,Representative,12,Rashida Tlaib,DEM,TRUE,,
Michigan,Representative,12,Steven Elliott,GOP,FALSE,,
Michigan,Representative,13,Martell D. Bivings,GOP,FALSE,,
Michigan,Representative,13,Shri Thanedar,DEM,TRUE,,
Minnesota,Representative,1,Brad Finstad,GOP,TRUE,,
Minnesota,Representative,1,Jeff Ettinger,DEM,FALSE,,
Minnesota,Representative,2,Angie Craig,DEM,TRUE,,
Minnesota,Representative,2,Tyler Kistner,GOP,FALSE,,
Minnesota,Representative,3,Dean Phillips,DEM,TRUE,,
Minnesota,Representative,3,Tom Weiler,GOP,FALSE,,
Minnesota,Representative,4,Betty McCollum,DEM,TRUE,,
Minnesota,Representative,4,May Lor Xiong,GOP,FALSE,,
Minnesota,Representative,5,Cicely Davis,GOP,FALSE,,
Minnesota,Representative,5,Ilhan Omar,DEM,TRUE,,
Minnesota,Representative,6,Jeanne Hendricks,DEM,FALSE,,
Minnesota,Representative,6,Tom Emmer,GOP,TRUE,,
Minnesota,Representative,7,Jill Abahsain,DEM,FALSE,,
Minnesota,Representative,7,Michelle Fischbach,GOP,TRUE,,
Minnesota,Representative,8,Jen Schultz,DEM,FALSE,,
Minnesota,Representative,8,Pete Stauber,GOP,TRUE,,
Mississippi,Representative,1,Dianne Black,DEM,FALSE,,
Mississippi,Representative,1,Trent Kelly,GOP,TRUE,,
Mississippi,Representative,2,Bennie G. Thompson,DEM,TRUE,,
Mississippi,Representative,2,Brian Flowers,GOP,FALSE,,
Mississippi,Representative,3,Michael Guest,GOP,TRUE,,
Mississippi,Representative,3,Shuwaski A. Young,DEM,FALSE,,
Mississippi,Representative,4,Johnny L. DuPree,DEM,FALSE,,
Mississippi,Representative,4,Mike Ezell,GOP,TRUE,,
Missouri,Representative,1,Andrew Jones,GOP,FALSE,,
Missouri,Representative,1,Cori Bush,DEM,TRUE,,
Missouri,Representative,2,Ann Wagner,GOP,TRUE,,
Missouri,Representative,2,Trish Gunby,DEM,FALSE,,
Missouri,Representative,3,Bethany Mann,DEM,FALSE,,
Missouri,Representative,3,Blaine Luetkemeyer,GOP,TRUE,,
Missouri,Representative,4,Jack Truman,DEM,FALSE,,
Missouri,Representative,4,Mark Alford,GOP,TRUE,,
Missouri,Representative,5,Emanuel Cleaver II,DEM,TRUE,,
Missouri,Representative,5,Jacob Turk,GOP,FALSE,,
Missouri,Representative,6,Henry Martin,DEM,FALSE,,
Missouri,Representative,6,Sam Graves,GOP,TRUE,,
Missouri,Representative,7,Eric Burlison,GOP,TRUE,,
Missouri,Representative,7,Kristen Radaker-Sheafer,DEM,FALSE,,
Missouri,Representative,8,Jason Smith,GOP,TRUE,,
Missouri,Representative,8,Randi McCallian,DEM,FALSE,,
Missouri,Senator,N/A,Eric Schmitt,GOP,TRUE,,
Missouri,Senator,N/A,Trudy Busch Valentine,DEM,FALSE,,
Montana,Representative,1,Monica Tranel,DEM,FALSE,,
Montana,Representative,1,Ryan K. Zinke,GOP,TRUE,,
Montana,Representative,2,Matt Rosendale,GOP,TRUE,,Ind. Candidate came in 2nd
Montana,Representative,2,Penny Ronning,DEM,FALSE,,
Nebraska,Representative,1,Mike Flood,GOP,TRUE,,
Nebraska,Representative,1,Patty Pansing Brooks,DEM,FALSE,,
Nebraska,Representative,2,Don Bacon,GOP,TRUE,,
Nebraska,Representative,2,Tony Vargas,DEM,FALSE,,
Nebraska,Representative,3,Adrian Smith,GOP,TRUE,,
Nebraska,Representative,3,David J. Else,DEM,FALSE,,
Nevada,Representative,1,Dina Titus,DEM,TRUE,,
Nevada,Representative,1,Mark Robertson,GOP,FALSE,,
Nevada,Representative,2,Elizabeth Mercedes Krause,DEM,FALSE,,
Nevada,Representative,2,Mark E. Amodei,GOP,TRUE,,
Nevada,Representative,3,April Becker,GOP,FALSE,,
Nevada,Representative,3,Susie Lee,DEM,TRUE,,
Nevada,Representative,4,Sam Peters,GOP,FALSE,,
Nevada,Representative,4,Steven A. Horsford,DEM,TRUE,,
Nevada,Senator,N/A,Adam Paul Laxalt,GOP,FALSE,,
Nevada,Senator,N/A,Catherine Cortez Masto,DEM,TRUE,,
New Hampshire,Representative,1,Chris Pappas,DEM,TRUE,,
New Hampshire,Representative,1,Karoline Leavitt,GOP,FALSE,,
New Hampshire,Representative,2,Ann McLane Kuster,DEM,TRUE,,
New Hampshire,Representative,2,Robert Burns,GOP,FALSE,,
New Hampshire,Senator,N/A,Donald C. Bolduc,GOP,FALSE,,
New Hampshire,Senator,N/A,Maggie Hassan,DEM,TRUE,,
New Jersey,Representative,1,Claire Gustafson,GOP,FALSE,,
New Jersey,Representative,1,Donald W. Norcross,DEM,TRUE,,
New Jersey,Representative,2,Jeff Van Drew,GOP,TRUE,,
New Jersey,Representative,2,Tim Alexander,DEM,FALSE,,
New Jersey,Representative,3,Andy Kim,DEM,TRUE,,
New Jersey,Representative,3,Bob Healey,GOP,FALSE,,
New Jersey,Representative,4,Christopher H. Smith,GOP,TRUE,,
New Jersey,Representative,4,Matthew Jenkins,DEM,FALSE,,
New Jersey,Representative,5,Frank T. Pallotta,GOP,FALSE,,
New Jersey,Representative,5,Josh Gottheimer,DEM,TRUE,,
New Jersey,Representative,6,Frank Pallone Jr.,DEM,TRUE,,
New Jersey,Representative,6,Susan M. Kiley,GOP,FALSE,,
New Jersey,Representative,7,Thomas H. Kean Jr.,GOP,TRUE,,
New Jersey,Representative,7,Tom Malinowski,DEM,FALSE,,
New Jersey,Representative,8,Marcos Arroyo,GOP,FALSE,,
New Jersey,Representative,8,Robert J. Menendez,DEM,TRUE,,
New Jersey,Representative,9,Bill Pascrell Jr.,DEM,TRUE,,
New Jersey,Representative,9,Billy Prempeh,GOP,FALSE,,
New Jersey,Representative,10,David H. Pinckney,GOP,FALSE,,
New Jersey,Representative,10,Donald M. Payne Jr.,DEM,TRUE,,
New Jersey,Representative,11,Mikie Sherrill,DEM,TRUE,,
New Jersey,Representative,11,Paul DeGroot,GOP,FALSE,,
New Jersey,Representative,12,Bonnie Watson Coleman,DEM,TRUE,,
New Jersey,Representative,12,Darius Mayfield,GOP,FALSE,,
New Mexico,Representative,1,Melanie Ann Stansbury,DEM,TRUE,,
New Mexico,Representative,1,Michelle Garcia Holmes,GOP,FALSE,,
New Mexico,Representative,2,Gabriel Vasquez,DEM,TRUE,,
New Mexico,Representative,2,Yvette Herrell,GOP,FALSE,,
New Mexico,Representative,3,Alexis Martinez Johnson,GOP,FALSE,,
New Mexico,Representative,3,Teresa Leger Fernandez,DEM,TRUE,,
New York,Representative,1,Bridget Fleming,DEM,FALSE,,
New York,Representative,1,Nicholas J. LaLota,GOP,TRUE,,
New York,Representative,2,Andrew R. Garbarino,GOP,TRUE,,
New York,Representative,2,Jackie Gordon,DEM,FALSE,,
New York,Representative,3,George A.D. Santos,GOP,TRUE,,
New York,Representative,3,Robert P. Zimmerman,DEM,FALSE,,
New York,Representative,4,Anthony P. D'Esposito,GOP,TRUE,,
New York,Representative,4,Laura A. Gillen,DEM,FALSE,,
New York,Representative,5,Gregory Meeks,DEM,TRUE,,
New York,Representative,5,Paul King,GOP,FALSE,,
New York,Representative,6,Grace Meng,DEM,TRUE,,
New York,Representative,6,Thomas Zmich,GOP,FALSE,,
New York,Representative,7,Juan Pagan,GOP,FALSE,,
New York,Representative,7,Nydia M. Velazquez,DEM,TRUE,,
New York,Representative,8,Hakeem S. Jeffries,DEM,TRUE,,
New York,Representative,8,Yuri Dashevsky,GOP,FALSE,,
New York,Representative,9,Yvette Clarke,DEM,TRUE,,
New York,Representative,10,Benine Hamdan,GOP,FALSE,,
New York,Representative,10,Daniel Goldman,DEM,TRUE,,
New York,Representative,11,Max N. Rose,DEM,FALSE,,
New York,Representative,11,Nicole Malliotakis,GOP,TRUE,,
New York,Representative,12,Jerrold L. Nadler,DEM,TRUE,,
New York,Representative,12,Michael Zumbluskas,GOP,FALSE,,
New York,Representative,13,Adriano Espaillat,DEM,TRUE,,No oppo
New York,Representative,14,Alexandria Ocasio-Cortez,DEM,TRUE,,
New York,Representative,14,Tina Forte,GOP,FALSE,,
New York,Representative,15,Ritchie J. Torres,DEM,TRUE,,
New York,Representative,15,Stylo A. Sapaskis,GOP,FALSE,,
New York,Representative,16,Jamaal Bowman,DEM,TRUE,,
New York,Representative,16,Miriam L. Flisser,GOP,FALSE,,
New York,Representative,17,Michael V. Lawler,GOP,TRUE,,
New York,Representative,17,Sean Patrick Maloney,DEM,FALSE,,
New York,Representative,18,Colin J. Schmitt,GOP,FALSE,,
New York,Representative,18,Pat Ryan,DEM,TRUE,,Hell yeah brother
New York,Representative,19,Josh Riley,DEM,FALSE,,
New York,Representative,19,Marcus Molinaro,GOP,TRUE,,
New York,Representative,20,Elizabeth L. Joy,GOP,FALSE,,
New York,Representative,20,Paul D. Tonko,DEM,TRUE,,
New York,Representative,21,Elise M. Stefanik,GOP,TRUE,,
New York,Representative,21,Matt Castelli,DEM,FALSE,,
New York,Representative,22,Brandon M. Williams,GOP,TRUE,,
New York,Representative,22,Francis Conole,DEM,FALSE,,
New York,Representative,23,Max H. Della Pia,DEM,FALSE,,
New York,Representative,23,Nick Langworthy,GOP,TRUE,,
New York,Representative,24,Claudia Tenney,GOP,TRUE,,
New York,Representative,24,Steven Holden,DEM,FALSE,,
New York,Representative,25,Joseph D. Morelle,DEM,TRUE,,
New York,Representative,25,La'Ron D. Singletary,GOP,FALSE,,
New York,Representative,26,Brian Higgins,DEM,TRUE,,
New York,Representative,26,Steven L. Sams II,GOP,FALSE,,
New York,Senator,N/A,Charles E. Schumer,DEM,TRUE,,
New York,Senator,N/A,Joe Pinion,GOP,FALSE,,
North Carolina,Representative,1,Don Davis,DEM,TRUE,,
North Carolina,Representative,1,Sandy Smith,GOP,FALSE,,
North Carolina,Representative,2,Christine E. Villaverde,GOP,FALSE,,
North Carolina,Representative,2,Deborah K. Ross,DEM,TRUE,,
North Carolina,Representative,3,Barbara D. Gaskins,DEM,FALSE,,
North Carolina,Representative,3,Greg Murphy,GOP,TRUE,,
North Carolina,Representative,4,Courtney Geels,GOP,FALSE,,
North Carolina,Representative,4,Valerie P. Foushee,DEM,TRUE,,
North Carolina,Representative,5,Kyle Parrish,DEM,FALSE,,
North Carolina,Representative,5,Virginia Foxx,GOP,TRUE,,
North Carolina,Representative,6,Christian Castelli,GOP,FALSE,,
North Carolina,Representative,6,Kathy Manning,DEM,TRUE,,
North Carolina,Representative,7,Charles Graham,DEM,FALSE,,
North Carolina,Representative,7,David Rouzer,GOP,TRUE,,
North Carolina,Representative,8,Dan Bishop,GOP,TRUE,,
North Carolina,Representative,8,Scott Huffman,DEM,FALSE,,
North Carolina,Representative,9,Ben Clark,DEM,FALSE,,
North Carolina,Representative,9,Richard Hudson,GOP,TRUE,,
North Carolina,Representative,10,Pam Genant,DEM,FALSE,,
North Carolina,Representative,10,Patrick McHenry,GOP,TRUE,,
North Carolina,Representative,11,Chuck Edwards,GOP,TRUE,,
North Carolina,Representative,11,Jasmine Beach-Ferrara,DEM,FALSE,,
North Carolina,Representative,12,Alma S. Adams,DEM,TRUE,,
North Carolina,Representative,12,Tyler Lee,GOP,FALSE,,
North Carolina,Representative,13,Bo Hines,GOP,FALSE,,
North Carolina,Representative,13,Wiley Nickel,DEM,TRUE,,
North Carolina,Representative,14,Jeff Jackson,DEM,TRUE,,
North Carolina,Representative,14,Pat Harrigan,GOP,FALSE,,
North Carolina,Senator,N/A,Cheri Beasley,DEM,FALSE,,
North Carolina,Senator,N/A,Ted Budd,GOP,TRUE,,
North Dakota,Representative,At-Large,Kelly Armstrong,GOP,TRUE,,No Dem opponent on NYT
North Dakota,Representative,At-Large,Mark Haugen,DEM,FALSE,,
North Dakota,Senator,N/A,John Hoeven,GOP,TRUE,,
North Dakota,Senator,N/A,Katrina Christiansen,DEM,FALSE,,
Ohio,Representative,1,Greg Landsman,DEM,TRUE,,
Ohio,Representative,1,Steve Chabot,GOP,FALSE,,
Ohio,Representative,2,Brad Wenstrup,GOP,TRUE,,
Ohio,Representative,2,Samantha Meadows,DEM,FALSE,,
Ohio,Representative,3,Joyce Beatty,DEM,TRUE,,
Ohio,Representative,3,Lee R. Stahley,GOP,FALSE,,
Ohio,Representative,4,Jim Jordan,GOP,TRUE,,
Ohio,Representative,4,Tamie Wilson,DEM,FALSE,,
Ohio,Representative,5,Bob Latta,GOP,TRUE,,
Ohio,Representative,5,Craig Swartz,DEM,FALSE,,
Ohio,Representative,6,Bill Johnson,GOP,TRUE,,
Ohio,Representative,6,Louis G. Lyras,DEM,FALSE,,
Ohio,Representative,7,Matthew Diemer,DEM,FALSE,,
Ohio,Representative,7,Max Miller,GOP,TRUE,,
Ohio,Representative,8,Vanessa Enoch,DEM,FALSE,,
Ohio,Representative,8,Warren Davidson,GOP,TRUE,,
Ohio,Representative,9,J.R. Majewski,GOP,FALSE,,
Ohio,Representative,9,Marcy Kaptur,DEM,TRUE,,
Ohio,Representative,10,David Esrati,DEM,FALSE,,
Ohio,Representative,10,Mike Turner,GOP,TRUE,,
Ohio,Representative,11,Eric J. Brewer,GOP,FALSE,,
Ohio,Representative,11,Shontel Brown,DEM,TRUE,,
Ohio,Representative,12,Amy Rippel-Elton,DEM,FALSE,,
Ohio,Representative,12,Troy Balderson,GOP,TRUE,,
Ohio,Representative,13,Emilia Sykes,DEM,TRUE,,
Ohio,Representative,13,Madison Gesiotto Gilbert,GOP,FALSE,,
Ohio,Representative,14,David P. Joyce,GOP,TRUE,,
Ohio,Representative,14,Matt Kilboy,DEM,FALSE,,
Ohio,Representative,15,Gary Josephson,DEM,FALSE,,
Ohio,Representative,15,Mike Carey,GOP,TRUE,,
Ohio,Senator,N/A,J.D. Vance,GOP,TRUE,,
Ohio,Senator,N/A,Tim Ryan,DEM,FALSE,,
Oklahoma,Representative,1,Adam Martin,DEM,FALSE,,
Oklahoma,Representative,1,Kevin Hern,GOP,TRUE,,
Oklahoma,Representative,2,Josh Brecheen,GOP,TRUE,,
Oklahoma,Representative,2,Naomi Andrews,DEM,FALSE,,
Oklahoma,Representative,3,Frank D. Lucas,GOP,TRUE,,
Oklahoma,Representative,3,Jeremiah A. Ross,DEM,FALSE,,
Oklahoma,Representative,4,Mary Brannon,DEM,FALSE,,
Oklahoma,Representative,4,Tom Cole,GOP,TRUE,,
Oklahoma,Representative,5,Joshua Harris-Till,DEM,FALSE,,
Oklahoma,Representative,5,Stephanie Bice,GOP,TRUE,,
Oklahoma,Senator,N/A,James Lankford,GOP,TRUE,,
Oklahoma,Senator,N/A,Madison Horn,DEM,FALSE,,
Oklahoma,Senator (unexpired term),N/A,Kendra Horn,DEM,FALSE,,
Oklahoma,Senator (unexpired term),N/A,Markwayne Mullin,GOP,FALSE,,
Oregon,Representative,1,Christopher A. Mann,GOP,FALSE,,
Oregon,Representative,1,Suzanne Bonamici,DEM,TRUE,,
Oregon,Representative,2,Cliff S. Bentz,GOP,TRUE,,
Oregon,Representative,2,Joe Yetter,DEM,FALSE,,
Oregon,Representative,3,Earl Blumenauer,DEM,TRUE,,
Oregon,Representative,3,Joanna Harbour,GOP,FALSE,,
Oregon,Representative,4,Alek Skarlatos,GOP,FALSE,,
Oregon,Representative,4,Val Hoyle,DEM,TRUE,,
Oregon,Representative,5,Jamie McLeod-Skinner,DEM,FALSE,,
Oregon,Representative,5,Lori Chavez-DeRemer,GOP,TRUE,,
Oregon,Representative,6,Andrea Salinas,DEM,TRUE,,
Oregon,Representative,6,Mike Erickson,GOP,FALSE,,
Oregon,Senator,N/A,Jo Rae Perkins,GOP,FALSE,,
Oregon,Senator,N/A,Ron Wyden,DEM,TRUE,,
Pennsylvania,Representative,1,Ashley Ehasz,DEM,FALSE,,
Pennsylvania,Representative,1,Brian Fitzpatrick,GOP,TRUE,,
Pennsylvania,Representative,2,Aaron Bashir,GOP,FALSE,,
Pennsylvania,Representative,2,Brendan F. Boyle,DEM,TRUE,,
Pennsylvania,Representative,3,Dwight Evans,DEM,TRUE,,No Rep opponent
Pennsylvania,Representative,4,Christian Nascimento,GOP,FALSE,,
Pennsylvania,Representative,4,Madeleine Dean,DEM,TRUE,,
Pennsylvania,Representative,5,David Galluch,GOP,FALSE,,
Pennsylvania,Representative,5,Mary Gay Scanlon,DEM,TRUE,,
Pennsylvania,Representative,6,Chrissy Houlahan,DEM,TRUE,,
Pennsylvania,Representative,6,Guy Ciarrocchi,GOP,FALSE,,
Pennsylvania,Representative,7,Lisa Scheller,GOP,FALSE,,
Pennsylvania,Representative,7,Susan Wild,DEM,TRUE,,
Pennsylvania,Representative,8,Jim Bognet,GOP,FALSE,,
Pennsylvania,Representative,8,Matt Cartwright,DEM,TRUE,,
Pennsylvania,Representative,9,Amanda R. Waldman,DEM,FALSE,,
Pennsylvania,Representative,9,Dan Meuser,GOP,TRUE,,
Pennsylvania,Representative,10,Scott Perry,GOP,TRUE,,
Pennsylvania,Representative,10,Shamaine Daniels,DEM,FALSE,,
Pennsylvania,Representative,11,Bob Hollister,DEM,FALSE,,
Pennsylvania,Representative,11,Lloyd K. Smucker,GOP,TRUE,,
Pennsylvania,Representative,12,Mike Doyle,GOP,FALSE,,
Pennsylvania,Representative,12,Summer Lee,DEM,TRUE,,
Pennsylvania,Representative,13,John Joyce,GOP,TRUE,,No oppo
Pennsylvania,Representative,14,Guy Reschenthaler,GOP,TRUE,,No oppo
Pennsylvania,Representative,15,"Glenn ""GT"" Thompson",GOP,TRUE,,Opponent missing - (D) Mike Molesevich
Pennsylvania,Representative,16,Dan Pastore,DEM,FALSE,,
Pennsylvania,Representative,16,Mike Kelly,GOP,TRUE,,
Pennsylvania,Representative,17,Chris Deluzio,DEM,TRUE,,
Pennsylvania,Representative,17,Jeremy Shaffer,GOP,FALSE,,
Pennsylvania,Senator,N/A,John Fetterman,DEM,TRUE,,
Pennsylvania,Senator,N/A,Mehmet Oz,GOP,FALSE,,
Rhode Island,Representative,1,Allen R. Waters,GOP,FALSE,,
Rhode Island,Representative,1,David N. Cicilline,DEM,TRUE,,
Rhode Island,Representative,2,Allan W. Fung,GOP,FALSE,,
Rhode Island,Representative,2,Seth M. Magaziner,DEM,TRUE,,
South Carolina,Representative,1,Annie Andrews,DEM,FALSE,,
South Carolina,Representative,1,Nancy Mace,GOP,TRUE,,
South Carolina,Representative,2,Joe Wilson,GOP,TRUE,,
South Carolina,Representative,2,Judd Larkins,DEM,FALSE,,
South Carolina,Representative,3,Jeff Duncan,GOP,TRUE,,No oppo
South Carolina,Representative,4,Ken Hill,DEM,FALSE,,
South Carolina,Representative,4,William Timmons,GOP,TRUE,,No Dem opponent on NYT
South Carolina,Representative,5,Evangeline Hundley,DEM,FALSE,,
South Carolina,Representative,5,Ralph Norman,GOP,TRUE,,
South Carolina,Representative,6,Duke Buckner,GOP,FALSE,,
South Carolina,Representative,6,"James E. ""Jim"" Clyburn",DEM,TRUE,,
South Carolina,Representative,7,Daryl W. Scott,DEM,FALSE,,
South Carolina,Representative,7,Russell Fry,GOP,TRUE,,
South Carolina,Senator,N/A,Krystle Matthews,DEM,FALSE,,
South Carolina,Senator,N/A,Tim Scott,GOP,TRUE,,
South Dakota,Representative,At-Large,Dusty Johnson,GOP,TRUE,,No Dem oppo
South Dakota,Senator,N/A,Brian L. Bengs,DEM,FALSE,,
South Dakota,Senator,N/A,John R. Thune,GOP,TRUE,,
Tennessee,Representative,1,Cameron Parsons,DEM,FALSE,,
Tennessee,Representative,1,Diana Lynn Harshbarger,GOP,TRUE,,
Tennessee,Representative,2,Mark Harmon,DEM,FALSE,,
Tennessee,Representative,2,Tim Burchett,GOP,TRUE,,
Tennessee,Representative,3,Chuck Fleischmann,GOP,TRUE,,
Tennessee,Representative,3,Meg Gorman,DEM,FALSE,,
Tennessee,Representative,4,Scott DesJarlais,GOP,TRUE,,
Tennessee,Representative,4,Wayne Steele,DEM,FALSE,,
Tennessee,Representative,5,Andy Ogles,GOP,TRUE,,
Tennessee,Representative,5,Heidi Campbell,DEM,FALSE,,
Tennessee,Representative,6,John Rose,GOP,TRUE,,
Tennessee,Representative,6,Randal Cooper,DEM,FALSE,,
Tennessee,Representative,7,Mark E. Green,GOP,TRUE,,
Tennessee,Representative,7,Odessa Kelly,DEM,FALSE,,
Tennessee,Representative,8,David Kustoff,GOP,TRUE,,
Tennessee,Representative,8,Lynnette P. Williams,DEM,FALSE,,
Tennessee,Representative,9,Charlotte Bergmann,GOP,FALSE,,
Tennessee,Representative,9,Steve Cohen,DEM,TRUE,,
Texas,Representative,1,"Jrmar ""JJ"" Jefferson",DEM,FALSE,,
Texas,Representative,1,Nathaniel Moran,GOP,TRUE,,
Texas,Representative,2,Dan Crenshaw,GOP,TRUE,,
Texas,Representative,2,Robin Fulford,DEM,FALSE,,
Texas,Representative,3,Keith Self,GOP,TRUE,,
Texas,Representative,3,Sandeep Srivastava,DEM,FALSE,,
Texas,Representative,4,Iro Omere,DEM,FALSE,,
Texas,Representative,4,Pat Fallon,GOP,TRUE,,
Texas,Representative,5,Lance Gooden,GOP,TRUE,,
Texas,Representative,5,Tartisha Hill,DEM,FALSE,,
Texas,Representative,6,Jake Ellzey,GOP,TRUE,,No oppo
Texas,Representative,7,Johnny Teague,GOP,FALSE,,
Texas,Representative,7,Lizzie Fletcher,DEM,TRUE,,
Texas,Representative,8,Laura Jones,DEM,FALSE,,
Texas,Representative,8,Morgan Luttrell,GOP,TRUE,,
Texas,Representative,9,Al Green,DEM,TRUE,,
Texas,Representative,9,Jimmy I. Leon,GOP,FALSE,,
Texas,Representative,10,Linda Nuno,DEM,FALSE,,
Texas,Representative,10,Michael McCaul,GOP,TRUE,,
Texas,Representative,11,August Pfluger,GOP,TRUE,,No oppo
Texas,Representative,12,Kay Granger,GOP,TRUE,,
Texas,Representative,12,Trey J. Hunt,DEM,FALSE,,
Texas,Representative,13,Kathleen Brown,DEM,FALSE,,
Texas,Representative,13,Ronny Jackson,GOP,TRUE,,
Texas,Representative,14,Mikal Williams,DEM,FALSE,,
Texas,Representative,14,Randy Weber,GOP,TRUE,,
Texas,Representative,15,Michelle Vallejo,DEM,FALSE,,
Texas,Representative,15,Monica De La Cruz,GOP,TRUE,,
Texas,Representative,16,Irene Armendariz-Jackson,GOP,FALSE,,
Texas,Representative,16,Veronica Escobar,DEM,TRUE,,
Texas,Representative,17,Mary Jo Woods,DEM,FALSE,,
Texas,Representative,17,Pete Sessions,GOP,TRUE,,
Texas,Representative,18,Carmen Maria Montiel,GOP,FALSE,,
Texas,Representative,18,Sheila Jackson Lee,DEM,TRUE,,
Texas,Representative,19,Jodey C. Arrington,GOP,TRUE,,No Dem oppo
Texas,Representative,20,Joaquin Castro,DEM,TRUE,,
Texas,Representative,20,Kyle Sinclair,GOP,FALSE,,
Texas,Representative,21,Chip Roy,GOP,TRUE,,
Texas,Representative,21,Claudia Andreana Zapata,DEM,FALSE,,
Texas,Representative,22,Jamie Kaye Jordan,DEM,FALSE,,
Texas,Representative,22,Troy E. Nehls,GOP,TRUE,,
Texas,Representative,23,John Lira,DEM,FALSE,,
Texas,Representative,23,Tony Gonzales,GOP,TRUE,,
Texas,Representative,24,Beth Van Duyne,GOP,TRUE,,
Texas,Representative,24,Jan McDowell,DEM,FALSE,,
Texas,Representative,25,Roger Williams,GOP,TRUE,,No Dem oppo
Texas,Representative,26,Michael C. Burgess,GOP,TRUE,,No Dem oppo
Texas,Representative,27,Maclovio Perez Jr.,DEM,FALSE,,
Texas,Representative,27,Michael Cloud,GOP,TRUE,,
Texas,Representative,28,Cassy Garcia,GOP,FALSE,,
Texas,Representative,28,Henry Cuellar,DEM,TRUE,,
Texas,Representative,29,Robert Schafranek,GOP,FALSE,,
Texas,Representative,29,Sylvia Garcia,DEM,TRUE,,
Texas,Representative,30,James Rodgers,GOP,FALSE,,
Texas,Representative,30,Jasmine Crockett,DEM,TRUE,,
Texas,Representative,31,John Carter,GOP,TRUE,,No oppo
Texas,Representative,32,Antonio Swad,GOP,FALSE,,
Texas,Representative,32,Colin Allred,DEM,TRUE,,
Texas,Representative,33,Marc Veasey,DEM,TRUE,,
Texas,Representative,33,Patrick David Gillespie,GOP,FALSE,,
Texas,Representative,34,Mayra Flores,GOP,FALSE,,
Texas,Representative,34,Vicente Gonzalez,DEM,TRUE,,
Texas,Representative,35,Dan McQueen,GOP,FALSE,,
Texas,Representative,35,Greg Casar,DEM,TRUE,,
Texas,Representative,36,Brian Babin,GOP,TRUE,,
Texas,Representative,36,Jon Haire,DEM,FALSE,,
Texas,Representative,37,Jenny Garcia Sharon,GOP,FALSE,,
Texas,Representative,37,Lloyd Doggett,DEM,TRUE,,
Texas,Representative,38,Duncan F. Klussmann,DEM,FALSE,,
Texas,Representative,38,Wesley Hunt,GOP,TRUE,,
Utah,Representative,1,Blake D. Moore,GOP,TRUE,,
Utah,Representative,1,Rick Edwin Jones,DEM,FALSE,,
Utah,Representative,2,Chris Stewart,GOP,TRUE,,
Utah,Representative,2,Nick Mitchell,DEM,FALSE,,
Utah,Representative,3,Glenn J. Wright,DEM,FALSE,,
Utah,Representative,3,John Curtis,GOP,TRUE,,
Utah,Representative,4,Burgess Owens,GOP,TRUE,,
Utah,Representative,4,Darlene McDonald,DEM,FALSE,,
Utah,Senator,N/A,Mike Lee,GOP,FALSE,,Missing Evan McMullin
Vermont,Representative,At-Large,Becca Balint,DEM,TRUE,,
Vermont,Representative,At-Large,Liam Madden,GOP,FALSE,,
Vermont,Senator,N/A,Gerald Malloy,GOP,FALSE,,
Vermont,Senator,N/A,Peter Welch,DEM,TRUE,,
Virginia,Representative,1,"Herbert C. ""Herb"" Jones Jr.",DEM,FALSE,,
Virginia,Representative,1,Rob J. Wittman,GOP,TRUE,,
Virginia,Representative,2,Elaine G. Luria,DEM,FALSE,,
Virginia,Representative,2,Jen A. Kiggans,GOP,TRUE,,
Virginia,Representative,3,"Robert C. ""Bobby"" Scott",DEM,TRUE,,
Virginia,Representative,3,Terry T. Namkung,GOP,FALSE,,
Virginia,Representative,4,A. Donald McEachin,DEM,TRUE,,
Virginia,Representative,4,Leon Benjamin Sr.,GOP,FALSE,,
Virginia,Representative,5,Bob Good,GOP,TRUE,,
Virginia,Representative,5,Joshua M. Throneburg,DEM,FALSE,,
Virginia,Representative,6,Ben L. Cline,GOP,TRUE,,
Virginia,Representative,6,Jennifer Lewis,DEM,FALSE,,
Virginia,Representative,7,Abigail A. Spanberger,DEM,TRUE,,
Virginia,Representative,7,Yesli I. Vega,GOP,FALSE,,
Virginia,Representative,8,Donald S. Beyer Jr.,DEM,TRUE,,
Virginia,Representative,8,Karina Lipsman,GOP,FALSE,,
Virginia,Representative,9,H. Morgan Griffith,GOP,TRUE,,Check match - unique name
Virginia,Representative,9,Taysha DeVaughan,DEM,FALSE,,
Virginia,Representative,10,Hung Cao,GOP,FALSE,,
Virginia,Representative,10,Jennifer T. Wexton,DEM,TRUE,,
Virginia,Representative,11,"Gerald E. ""Gerry"" Connolly",DEM,TRUE,,
Virginia,Representative,11,Jim Myles,GOP,FALSE,,
Washington,Representative,1,Suzan DelBene,DEM,TRUE,,
Washington,Representative,1,Vincent J. Cavaleri,GOP,FALSE,,
Washington,Representative,2,Dan Matthews,GOP,FALSE,,
Washington,Representative,2,Rick Larsen,DEM,TRUE,,
Washington,Representative,3,Joe Kent,GOP,FALSE,,
Washington,Representative,3,Marie Gluesenkamp Perez,DEM,TRUE,,
Washington,Representative,4,Dan Newhouse,GOP,TRUE,,
Washington,Representative,4,Doug White,DEM,FALSE,,
Washington,Representative,5,Cathy McMorris Rodgers,GOP,TRUE,,
Washington,Representative,5,Natasha Hill,DEM,FALSE,,
Washington,Representative,6,Derek Kilmer,DEM,TRUE,,
Washington,Representative,6,Elizabeth Kreiselmaier,GOP,FALSE,,
Washington,Representative,7,Cliff Moon,GOP,FALSE,,
Washington,Representative,7,Pramila Jayapal,DEM,TRUE,,
Washington,Representative,8,Kim Schrier,DEM,TRUE,,
Washington,Representative,8,Matt Larkin,GOP,FALSE,,
Washington,Representative,9,Adam Smith,DEM,TRUE,,
Washington,Representative,9,Doug Basler,GOP,FALSE,,
Washington,Representative,10,Keith R. Swank,GOP,FALSE,,
Washington,Representative,10,Marilyn Strickland,DEM,TRUE,,
Washington,Senator,N/A,Patty Murray,DEM,TRUE,,
Washington,Senator,N/A,Tiffany Smiley,GOP,FALSE,,
West Virginia,Representative,1,Carol Miller,GOP,TRUE,,
West Virginia,Representative,1,Lacy Watson,DEM,FALSE,,
West Virginia,Representative,2,Alexander X. Mooney,GOP,TRUE,,
West Virginia,Representative,2,Barry Lee Wendell,DEM,FALSE,,
Wisconsin,Representative,1,Ann Roe,DEM,FALSE,,
Wisconsin,Representative,1,Bryan Steil,GOP,TRUE,,
Wisconsin,Representative,2,Erik Olsen,GOP,FALSE,,
Wisconsin,Representative,2,Mark Pocan,DEM,TRUE,,
Wisconsin,Representative,3,Brad Pfaff,DEM,FALSE,,
Wisconsin,Representative,3,Derrick Van Orden,GOP,TRUE,,
Wisconsin,Representative,4,Gwen Moore,DEM,TRUE,,
Wisconsin,Representative,4,Tim Rogers,GOP,FALSE,,
Wisconsin,Representative,5,Mike Van Someren,DEM,FALSE,,
Wisconsin,Representative,5,Scott Fitzgerald,GOP,TRUE,,
Wisconsin,Representative,6,Glenn Grothman,GOP,TRUE,,No oppo
Wisconsin,Representative,7,"Richard ""Dick"" Ausman",DEM,FALSE,,
Wisconsin,Representative,7,Tom Tiffany,GOP,TRUE,,
Wisconsin,Representative,8,Mike Gallagher,GOP,TRUE,,No Dem oppo
Wisconsin,Senator,N/A,Mandela Barnes,DEM,FALSE,,
Wisconsin,Senator,N/A,Ron Johnson,GOP,TRUE,,
Wyoming,Representative,At-Large,Harriet Hageman,GOP,TRUE,,Rip Liz
Wyoming,Representative,At-Large,Lynnette GreyBull,DEM,FALSE,,